Annee,Mois,Jour,Temp max,Temp min,Temp moy,Pluie tot,Vit. raf. max. 
2007,5,1,15,5,0,2,0
2007,5,2,16,8,3,3,0
2007,5,3,15,1,7,1,0
2007,5,4,10,4,2,2,0
2007,5,5,16,8,4,6,0
2007,5,6,18,4,1,8,0
2007,5,7,21,7,6,1,0
2007,5,8,22,6,4,8,0
2007,5,9,19,1,1,3,0
2007,5,10,14,2,0,5,0
2007,5,11,22,6,2,7,0
2007,5,12,23,7,3,6,0
2007,5,13,13,9,3,5,0
2007,5,14,17,2,3,2,0
2007,5,15,19,3,2,8,0
2007,5,16,23,9,4,4,0
2007,5,17,24,2,6,5,0
2007,5,18,12,5,2,4,0
2007,5,19,11,6,0,9,0
2007,5,20,16,7,3,2,0
2007,5,21,9,9,6,3,0
2007,5,22,16,1,4,1,0
2007,5,23,13,7,1,5,0
2007,5,24,14,3,1,9,0
2007,5,25,13,5,1,4,0
2007,5,26,21,2,5,3,0
2007,5,27,22,2,6,5,0
2007,5,28,17,5,10,0,0
2007,5,29,NA,NA,NA,0,0
2007,5,30,19,9,0,4,0
2007,5,31,22,8,5,2,0
2007,6,1,NA,NA,NA,0,0
2007,6,2,NA,NA,NA,0,0
2007,6,3,NA,NA,NA,0,0
2007,6,4,26,2,10,4,0
2007,6,5,23,8,12,2,0
2007,6,6,NA,NA,NA,0,0
2007,6,7,18,4,1,1,0
2007,6,8,20,6,8,3,0
2007,6,9,21,1,6,6,0
2007,6,10,23,6,10,9,0
2007,6,11,16,6,6,8,0
2007,6,12,14,9,5,1,0
2007,6,13,20,9,7,1,0
2007,6,14,20,4,4,2,0
2007,6,15,20,6,6,6,0
2007,6,16,20,9,6,5,0
2007,6,17,13,1,8,6,0
2007,6,18,21,2,8,9,0
2007,6,19,22,0,8,5,0
2007,6,20,22,9,6,6,0
2007,6,21,29,0,10,9,0
2007,6,22,26,3,8,2,0
2007,6,23,20,8,9,0,0
2007,6,24,19,8,9,6,0
2007,6,25,14,1,9,6,0
2007,6,26,19,7,9,5,0
2007,6,27,20,3,6,5,0
2007,6,28,22,0,10,0,0
2007,6,29,22,3,12,6,0
2007,6,30,23,9,10,0,0
2007,7,1,23,3,8,7,0
2007,7,2,26,0,9,5,0
2007,7,3,28,5,9,9,0
2007,7,4,27,2,11,2,0
2007,7,5,32,7,11,1,0
2007,7,6,24,8,13,3,0
2007,7,7,23,1,10,8,0
2007,7,8,23,4,8,0,0
2007,7,9,18,1,7,0,0
2007,7,10,23,1,7,1,0
2007,7,11,27,2,13,1,0
2007,7,12,30,5,12,3,0
2007,7,13,32,1,15,0,0
2007,7,14,33,8,13,6,0
2007,7,15,33,3,14,9,0
2007,7,16,31,1,14,7,0
2007,7,17,30,4,14,2,0
2007,7,18,30,8,17,2,0
2007,7,19,35,0,20,8,0
2007,7,20,31,0,12,7,0
2007,7,21,30,2,15,6,0
2007,7,22,33,1,11,4,0
2007,7,23,36,0,15,9,0
2007,7,24,27,2,15,6,0
2007,7,25,23,9,9,8,0
2007,7,26,29,7,6,3,0
2007,7,27,33,8,12,9,0
2007,7,28,34,4,12,4,0
2007,7,29,36,1,13,8,0
2007,7,30,27,1,13,3,0
2007,7,31,21,1,8,7,0
2007,8,1,24,7,8,5,0
2007,8,2,31,3,6,0,0
2007,8,3,31,3,13,2,0
2007,8,4,21,9,10,2,0
2007,8,5,25,6,9,7,0
2007,8,6,25,3,10,7,0
2007,8,7,30,9,9,2,0
2007,8,8,19,2,11,3,0
2007,8,9,16,9,9,4,0
2007,8,10,10,9,4,9,0
2007,8,11,20,4,2,7,0
2007,8,12,26,3,8,2,0
2007,8,13,16,7,6,6,0
2007,8,14,22,1,4,4,0
2007,8,15,22,3,5,0,0
2007,8,16,24,5,7,0,0
2007,8,17,21,6,11,5,0
2007,8,18,20,0,7,9,0
2007,8,19,25,4,11,6,0
2007,8,20,21,3,10,9,0
2007,8,21,16,7,7,0,0
2007,8,22,19,1,6,7,0
2007,8,23,19,2,3,4,0
2007,8,24,NA,NA,NA,0,0
2007,8,25,20,0,5,8,0
2007,8,26,14,0,8,2,0
2007,8,27,12,3,4,4,0
2007,8,28,NA,NA,NA,0,0
2007,8,29,NA,NA,NA,0,0
2007,8,30,NA,NA,NA,0,0
2007,8,31,NA,NA,NA,0,0
2007,9,1,19,4,6,1,0
2007,9,2,NA,NA,NA,0,0
2007,9,3,NA,NA,NA,0,0
2007,9,4,NA,NA,NA,0,0
2007,9,5,22,5,8,3,0
2007,9,6,15,5,4,1,0
2007,9,7,14,7,4,4,0
2007,9,8,15,1,1,5,0
2007,9,9,17,8,0,2,0
2007,9,10,21,5,9,5,0
2007,9,11,25,7,8,1,0
2007,9,12,12,4,2,3,0
2007,9,13,14,3,-3,3,0
2007,9,14,22,6,2,3,0
2007,9,15,26,2,3,9,0
2007,9,16,26,6,2,4,0
2007,9,17,15,8,1,9,0
2007,9,18,14,5,0,3,0
2007,9,19,10,0,-5,5,0
2007,9,20,14,0,2,2,0
2007,9,21,18,1,3,6,0
2007,9,22,14,9,1,3,0
2007,9,23,5,6,-3,2,0
2007,9,24,15,3,-5,1,0
2007,9,25,16,1,3,9,0
2007,9,26,16,5,1,2,0
2007,9,27,17,4,2,7,0
2007,9,28,13,4,4,7,0
2007,9,29,11,2,-2,4,0
2007,9,30,16,9,-2,4,0
2007,10,1,14,9,3,4,0
2007,10,2,18,2,1,8,0
2007,10,3,12,1,-1,1,0
2007,10,4,9,5,-7,1,0
2007,10,5,10,2,-6,1,0
2007,10,6,9,0,-2,5,0
2007,10,7,20,9,-1,9,0
2007,10,8,13,3,-3,9,0
2007,10,9,15,6,-5,9,0
2007,10,10,13,5,3,6,0
2007,10,11,15,3,1,2,0
2007,10,12,12,9,-1,7,0
2007,10,13,14,2,-2,9,0
2007,10,14,18,9,0,2,0
2007,10,15,20,8,2,7,0
2007,10,16,17,3,2,1,0
2007,10,17,10,9,0,3,0
2007,10,18,14,6,-1,6,0
2007,10,19,14,4,-4,9,0
2007,10,20,8,5,-1,5,0
2007,10,21,10,0,-2,0,0
2007,10,22,16,6,4,4,0
2007,10,23,12,5,0,4,0
2007,10,24,25,2,1,5,0
2007,10,25,7,7,-2,7,0
2007,10,26,2,8,-9,4,0
2007,10,27,10,1,-7,5,0
2007,10,28,14,5,-1,6,0
2007,10,29,14,7,-3,6,0
2007,10,30,7,0,-3,9,0
2007,10,31,9,0,-4,3,0
2007,11,1,7,6,-1,3,0
2007,11,2,7,5,-4,7,0
2007,11,3,7,3,-1,8,0
2007,11,4,3,1,-4,8,0
2007,11,5,1,9,-11,9,0
2007,11,6,8,6,-4,9,0
2007,11,7,8,0,1,6,0
2007,11,8,5,4,-10,6,0
2007,11,9,6,0,-9,7,0
2007,11,10,8,3,-7,7,0
2007,11,11,7,6,-3,1,0
2007,11,12,9,6,0,7,0
2007,11,13,6,5,0,0,0
2007,11,14,5,2,-7,9,0
2007,11,15,8,1,-7,4,0
2007,11,16,2,3,-9,6,0
2007,11,17,2,6,-10,9,0
2007,11,18,5,5,-5,1,0
2007,11,19,1,9,-8,4,0
2007,11,20,-3,6,-12,1,0
2007,11,21,-3,5,-13,3,0
2007,11,22,3,4,-12,6,0
2007,11,23,3,3,-11,1,0
2007,11,24,3,6,-3,3,0
2007,11,25,1,7,-10,2,0
2007,11,26,-8,8,-19,3,0
2007,11,27,-15,1,-18,9,0
2007,11,28,-13,9,-23,7,0
2007,11,29,-14,1,-23,7,0
2007,11,30,-11,2,-18,0,0
2007,12,1,-15,6,-22,3,NA
2007,12,2,-16,4,-30,4,NA
2007,12,3,-15,2,-18,1,NA
2007,12,4,-15,5,-17,7,NA
2007,12,5,-14,2,-24,5,NA
2007,12,6,-12,3,-21,8,NA
2007,12,7,-11,8,-22,2,NA
2007,12,8,-9,9,-23,7,NA
2007,12,9,-1,6,-17,6,NA
2007,12,10,-3,0,-13,3,NA
2007,12,11,-4,5,-16,4,NA
2007,12,12,0,6,-12,0,NA
2007,12,13,0,7,-11,9,NA
2007,12,14,-2,0,-10,3,NA
2007,12,15,-2,7,-18,6,NA
2007,12,16,0,3,-9,7,NA
2007,12,17,0,8,-11,1,NA
2007,12,18,-3,7,-14,9,NA
2007,12,19,-3,2,-17,3,NA
2007,12,20,-8,0,-16,4,NA
2007,12,21,-8,1,-25,0,NA
2007,12,22,-10,3,-26,2,NA
2007,12,23,-1,3,-10,8,NA
2007,12,24,2,6,-4,8,NA
2007,12,25,0,4,-9,5,NA
2007,12,26,-9,1,-14,9,NA
2007,12,27,-10,5,-12,5,NA
2007,12,28,-9,0,-17,5,NA
2007,12,29,-13,6,-25,7,NA
2007,12,30,-11,9,-24,3,NA
2007,12,31,-5,0,-22,9,NA
2008,1,1,-11,0,-17,3,NA
2008,1,2,4,3,-12,9,NA
2008,1,3,0,7,-10,6,NA
2008,1,4,3,5,-3,2,NA
2008,1,5,4,2,-2,7,NA
2008,1,6,0,1,-7,5,NA
2008,1,7,-3,9,-19,5,NA
2008,1,8,-11,1,-22,6,NA
2008,1,9,-15,0,-23,2,NA
2008,1,10,-12,5,-20,6,NA
2008,1,11,0,9,-19,5,NA
2008,1,12,1,8,-10,1,NA
2008,1,13,2,9,-12,7,NA
2008,1,14,6,2,-6,3,NA
2008,1,15,4,8,-18,9,NA
2008,1,16,-1,2,-19,4,NA
2008,1,17,0,7,-15,2,NA
2008,1,18,-12,0,-26,1,NA
2008,1,19,-11,0,-17,1,NA
2008,1,20,-12,4,-21,1,NA
2008,1,21,-6,2,-20,4,NA
2008,1,22,-1,6,-16,0,NA
2008,1,23,-4,7,-17,3,NA
2008,1,24,NA,-17,4,NA,0
2008,1,25,-10,3,-17,7,NA
2008,1,26,-2,4,-18,7,NA
2008,1,27,-7,9,-27,5,NA
2008,1,28,-27,1,-36,0,NA
2008,1,29,NA,NA,NA,NA,<31
2008,1,30,NA,NA,NA,NA,<31
2008,1,31,-25,4,-30,9,NA
2008,2,1,-19,0,-31,1,NA
2008,2,2,-12,2,-28,3,NA
2008,2,3,-12,8,-26,5,NA
2008,2,4,-15,8,-24,3,NA
2008,2,5,0,0,-21,0,NA
2008,2,6,0,2,-17,8,NA
2008,2,7,-11,5,-24,8,NA
2008,2,8,-11,0,-27,1,NA
2008,2,9,-26,9,-32,8,NA
2008,2,10,-16,5,-25,1,NA
2008,2,11,0,5,-17,8,NA
2008,2,12,0,3,-8,2,NA
2008,2,13,-8,6,-16,7,NA
2008,2,14,0,4,-17,9,NA
2008,2,15,6,8,-3,7,NA
2008,2,16,3,0,-3,3,NA
2008,2,17,NA,NA,NA,NA,<31
2008,2,18,3,0,-12,6,NA
2008,2,19,-7,5,-12,8,NA
2008,2,20,0,5,-14,8,NA
2008,2,21,NA,-14,3,NA,0
2008,2,22,3,8,-12,3,NA
2008,2,23,1,2,-10,9,NA
2008,2,24,0,1,-10,2,NA
2008,2,25,0,8,-13,2,NA
2008,2,26,6,3,-11,4,NA
2008,2,27,5,2,-5,3,NA
2008,2,28,3,2,-4,7,NA
2008,2,29,5,6,-8,5,NA
2008,3,1,4,9,-6,6,NA
2008,3,2,-6,0,-17,7,NA
2008,3,3,3,7,-15,8,NA
2008,3,4,NA,NA,NA,NA,<31
2008,3,5,0,1,-10,2,NA
2008,3,6,-1,3,-7,5,NA
2008,3,7,7,0,-3,6,NA
2008,3,8,8,5,-6,8,NA
2008,3,9,9,0,-4,5,NA
2008,3,10,12,8,0,0,NA
2008,3,11,15,0,0,4,NA
2008,3,12,7,5,-4,8,NA
2008,3,13,3,2,-6,6,NA
2008,3,14,3,9,-6,4,NA
2008,3,15,4,7,-5,4,NA
2008,3,16,-4,3,-16,5,NA
2008,3,17,7,3,-8,5,NA
2008,3,18,9,9,-5,1,NA
2008,3,19,8,4,-5,4,NA
2008,3,20,5,2,-9,4,NA
2008,3,21,6,5,-7,3,NA
2008,3,22,8,5,-5,6,NA
2008,3,23,10,4,-6,0,NA
2008,3,24,3,8,-5,1,NA
2008,3,25,5,8,-7,9,NA
2008,3,26,7,3,-13,9,NA
2008,3,27,5,5,-12,5,NA
2008,3,28,0,5,-9,6,NA
2008,3,29,-1,2,-11,6,NA
2008,3,30,-1,4,-11,5,NA
2008,3,31,2,1,-16,3,NA
2008,4,1,4,8,-9,5,NA
2008,4,2,7,8,-6,5,NA
2008,4,3,9,9,-3,4,NA
2008,4,4,8,7,-6,0,NA
2008,4,5,5,0,-9,5,NA
2008,4,6,10,1,-6,7,NA
2008,4,7,9,9,-2,6,NA
2008,4,8,10,5,-6,9,NA
2008,4,9,12,3,-7,6,NA
2008,4,10,9,1,-5,9,NA
2008,4,11,11,5,-5,1,NA
2008,4,12,17,9,-1,4,NA
2008,4,13,22,9,4,9,NA
2008,4,14,5,9,-2,8,NA
2008,4,15,9,0,-4,2,NA
2008,4,16,11,9,-5,5,NA
2008,4,17,18,4,0,3,NA
2008,4,18,2,1,-6,1,NA
2008,4,19,-4,7,-10,5,NA
2008,4,20,-8,2,-10,4,NA
2008,4,21,-7,3,-12,7,NA
2008,4,22,-3,7,-13,5,NA
2008,4,23,1,4,-14,4,NA
2008,4,24,-2,0,-5,9,NA
2008,4,25,NA,NA,NA,NA,<31
2008,4,26,9,6,-9,2,NA
2008,4,27,15,3,-3,8,NA
2008,4,28,19,3,0,1,NA
2008,4,29,22,5,2,3,NA
2008,4,30,9,0,2,8,NA
2008,5,1,6,9,2,5,NA
2008,5,2,13,2,2,0,NA
2008,5,3,16,6,-1,6,NA
2008,5,4,17,5,2,1,NA
2008,5,5,18,1,1,8,NA
2008,5,6,16,8,3,9,NA
2008,5,7,15,8,1,4,NA
2008,5,8,11,6,3,7,NA
2008,5,9,12,5,-3,7,NA
2008,5,10,17,0,-4,5,NA
2008,5,11,14,9,-1,0,NA
2008,5,12,13,1,0,6,NA
2008,5,13,19,1,1,1,NA
2008,5,14,18,7,3,2,NA
2008,5,15,NA,6,9,NA,0
2008,5,16,25,7,9,6,NA
2008,5,17,NA,5,9,NA,0
2008,5,18,24,1,13,6,NA
2008,5,19,NA,4,8,NA,0
2008,5,20,25,5,11,5,NA
2008,5,21,14,3,7,0,NA
2008,5,22,17,5,7,5,NA
2008,5,23,19,5,5,4,NA
2008,5,24,21,7,10,0,NA
2008,5,25,15,2,5,6,NA
2008,5,26,14,3,5,7,NA
2008,5,27,NA,1,9,NA,0
2008,5,28,19,1,4,8,NA
2008,5,29,NA,2,1,NA,0
2008,5,30,19,1,7,1,NA
2008,5,31,22,5,6,4,NA
2008,6,1,18,9,7,3,NA
2008,6,2,14,7,8,4,NA
2008,6,3,19,1,7,5,NA
2008,6,4,21,1,6,7,NA
2008,6,5,23,2,5,2,NA
2008,6,6,20,6,9,0,NA
2008,6,7,20,0,8,1,NA
2008,6,8,17,7,8,1,NA
2008,6,9,11,1,8,6,NA
2008,6,10,13,9,6,0,NA
2008,6,11,16,1,8,1,NA
2008,6,12,19,0,7,0,NA
2008,6,13,21,2,6,0,NA
2008,6,14,16,1,6,3,NA
2008,6,15,17,7,3,8,NA
2008,6,16,23,4,6,7,NA
2008,6,17,27,1,9,1,NA
2008,6,18,21,0,7,5,NA
2008,6,19,19,8,6,1,NA
2008,6,20,24,2,6,5,NA
2008,6,21,27,1,8,6,NA
2008,6,22,21,8,10,4,NA
2008,6,23,23,2,10,7,NA
2008,6,24,18,7,9,0,NA
2008,6,25,21,0,8,7,NA
2008,6,26,22,9,8,5,NA
2008,6,27,20,9,5,4,NA
2008,6,28,26,5,8,7,NA
2008,6,29,NA,12,3,NA,0
2008,6,30,NA,NA,NA,NA,<31
2008,7,1,23,9,10,4,NA
2008,7,2,25,7,7,7,NA
2008,7,3,NA,8,7,NA,NA
2008,7,4,NA,NA,NA,NA,<31
2008,7,5,25,1,13,5,NA
2008,7,6,19,6,11,8,NA
2008,7,7,21,2,8,1,NA
2008,7,8,22,4,7,9,NA
2008,7,9,20,2,7,9,NA
2008,7,10,16,2,9,0,NA
2008,7,11,19,3,8,7,NA
2008,7,12,23,6,8,9,NA
2008,7,13,22,9,13,1,NA
2008,7,14,NA,NA,NA,NA,NA
2008,7,15,19,0,NA,NA,0
2008,7,16,21,3,4,1,NA
2008,7,17,NA,3,9,NA,0
2008,7,18,22,7,9,2,NA
2008,7,19,23,9,6,2,NA
2008,7,20,NA,8,2,NA,0
2008,7,21,NA,NA,NA,NA,<31
2008,7,22,25,3,11,2,NA
2008,7,23,22,6,11,8,NA
2008,7,24,24,8,10,6,NA
2008,7,25,NA,7,4,NA,0
2008,7,26,NA,NA,NA,NA,<31
2008,7,27,27,4,11,5,NA
2008,7,28,23,8,10,0,NA
2008,7,29,NA,6,0,NA,0
2008,7,30,20,0,7,0,NA
2008,7,31,23,2,6,7,NA
2008,8,1,NA,NA,NA,NA,<31
2008,8,2,21,2,6,0,NA
2008,8,3,22,0,7,8,NA
2008,8,4,26,3,7,1,NA
2008,8,5,25,9,10,3,NA
2008,8,6,NA,8,1,NA,0
2008,8,7,NA,NA,NA,NA,<31
2008,8,8,NA,NA,NA,NA,<31
2008,8,9,NA,NA,NA,NA,<31
2008,8,10,27,2,10,7,NA
2008,8,11,20,8,10,6,NA
2008,8,12,15,6,11,5,NA
2008,8,13,21,7,11,4,NA
2008,8,14,NA,8,5,NA,0
2008,8,15,NA,13,0,NA,0
2008,8,16,NA,NA,NA,NA,<31
2008,8,17,NA,9,6,NA,0
2008,8,18,NA,NA,NA,NA,<31
2008,8,19,NA,NA,NA,NA,<31
2008,8,20,23,5,12,2,NA
2008,8,21,13,8,8,0,NA
2008,8,22,18,6,5,2,NA
2008,8,23,25,7,5,8,NA
2008,8,24,29,4,9,2,NA
2008,8,25,24,5,13,0,NA
2008,8,26,16,8,8,6,NA
2008,8,27,18,3,6,3,NA
2008,8,28,20,2,5,0,NA
2008,8,29,24,5,7,0,NA
2008,8,30,17,6,7,5,NA
2008,8,31,10,5,4,6,NA
2008,9,1,16,5,3,1,NA
2008,9,2,19,5,4,2,NA
2008,9,3,17,3,4,8,NA
2008,9,4,NA,2,1,NA,0
2008,9,5,15,1,4,9,NA
2008,9,6,14,2,0,1,NA
2008,9,7,16,9,0,6,NA
2008,9,8,20,2,1,1,NA
2008,9,9,15,9,6,0,NA
2008,9,10,17,6,8,9,NA
2008,9,11,NA,7,1,NA,0
2008,9,12,16,0,7,9,NA
2008,9,13,17,1,1,3,NA
2008,9,14,21,2,1,5,NA
2008,9,15,NA,3,8,NA,0
2008,9,16,NA,7,0,NA,0
2008,9,17,24,9,3,3,NA
2008,9,18,NA,7,4,NA,0
2008,9,19,20,0,2,1,NA
2008,9,20,21,3,2,7,NA
2008,9,21,17,3,0,1,NA
2008,9,22,12,4,3,2,NA
2008,9,23,13,1,3,3,NA
2008,9,24,15,5,-1,3,NA
2008,9,25,15,3,0,9,NA
2008,9,26,15,9,-1,2,NA
2008,9,27,19,8,3,9,NA
2008,9,28,16,6,2,6,NA
2008,9,29,25,6,2,1,NA
2008,9,30,NA,7,0,NA,0
2008,10,1,24,2,6,2,NA
2008,10,2,NA,2,5,NA,0
2008,10,3,NA,9,1,NA,0
2008,10,4,24,2,7,8,NA
2008,10,5,20,5,7,8,NA
2008,10,6,13,7,0,8,NA
2008,10,7,16,7,1,0,NA
2008,10,8,9,9,3,9,NA
2008,10,9,8,8,-5,5,NA
2008,10,10,3,2,-8,5,NA
2008,10,11,7,5,-7,1,NA
2008,10,12,11,1,-7,1,NA
2008,10,13,16,0,-1,5,NA
2008,10,14,8,6,-2,9,NA
2008,10,15,9,2,-3,7,NA
2008,10,16,10,6,-6,0,NA
2008,10,17,19,0,-1,8,NA
2008,10,18,8,0,0,2,NA
2008,10,19,9,0,-4,2,NA
2008,10,20,13,3,-1,8,NA
2008,10,21,9,7,-2,5,NA
2008,10,22,12,7,-4,3,NA
2008,10,23,11,9,0,3,NA
2008,10,24,12,8,0,2,NA
2008,10,25,8,4,-2,0,NA
2008,10,26,1,8,-9,9,NA
2008,10,27,15,8,-6,6,NA
2008,10,28,21,1,-3,7,NA
2008,10,29,23,0,-2,4,NA
2008,10,30,7,8,-3,3,NA
2008,10,31,11,9,-4,8,NA
2008,11,1,14,3,-1,3,NA
2008,11,2,16,1,2,2,NA
2008,11,3,11,9,-2,0,NA
2008,11,4,7,8,-6,7,NA
2008,11,5,3,8,-2,8,NA
2008,11,6,5,1,0,6,NA
2008,11,7,6,1,-4,7,NA
2008,11,8,8,8,-5,7,NA
2008,11,9,3,7,-6,4,NA
2008,11,10,0,3,-5,1,NA
2008,11,11,1,2,-2,6,NA
2008,11,12,10,7,-2,2,NA
2008,11,13,7,9,0,8,NA
2008,11,14,3,2,-8,4,NA
2008,11,15,7,1,-4,5,NA
2008,11,16,3,1,-6,8,NA
2008,11,17,2,8,-6,9,NA
2008,11,18,4,5,-4,1,NA
2008,11,19,-2,6,-17,1,NA
2008,11,20,-1,3,-18,7,NA
2008,11,21,4,8,-7,5,NA
2008,11,22,8,5,-3,5,NA
2008,11,23,3,4,-7,1,NA
2008,11,24,7,3,-6,4,NA
2008,11,25,8,2,-8,0,NA
2008,11,26,6,8,-5,5,NA
2008,11,27,2,6,-11,4,NA
2008,11,28,2,4,-10,2,NA
2008,11,29,6,5,-1,7,NA
2008,11,30,4,9,-3,6,NA
2008,12,1,12,0,-1,3,NA
2008,12,2,-1,5,-8,2,NA
2008,12,3,-6,8,-17,1,NA
2008,12,4,-8,2,NA,NA,0
2008,12,5,4,5,-5,5,NA
2008,12,6,0,4,-6,4,NA
2008,12,7,1,3,NA,NA,0
2008,12,8,-8,8,-14,6,NA
2008,12,9,-3,1,-16,7,NA
2008,12,10,4,6,-7,7,NA
2008,12,11,NA,NA,NA,NA,<31
2008,12,12,0,5,-16,9,NA
2008,12,13,-16,3,-33,7,NA
2008,12,14,-25,7,-35,4,NA
2008,12,15,-17,0,-30,7,NA
2008,12,16,0,0,0,0,0
2008,12,17,NA,NA,NA,NA,<31
2008,12,18,-20,1,-31,9,NA
2008,12,19,-22,5,-26,5,NA
2008,12,20,-24,0,-31,6,NA
2008,12,21,NA,-35,9,NA,0
2008,12,22,-22,4,-27,1,NA
2008,12,23,-16,2,-28,6,NA
2008,12,24,-11,9,-26,1,NA
2008,12,25,-16,2,-24,6,NA
2008,12,26,-14,6,-26,4,NA
2008,12,27,-2,9,-19,2,NA
2008,12,28,-5,4,-18,2,NA
2008,12,29,-11,3,-18,1,NA
2008,12,30,-16,3,-28,6,NA
2008,12,31,-11,0,-29,5,NA
2009,1,1,-20,1,-27,9,NA
2009,1,2,-23,8,-34,9,NA
2009,1,3,NA,-36,2,NA,0
2009,1,4,-10,2,-32,4,NA
2009,1,5,-8,9,-16,5,NA
2009,1,6,-5,4,-16,8,NA
2009,1,7,-14,2,-20,5,NA
2009,1,8,-13,8,-20,3,NA
2009,1,9,-3,2,-27,2,NA
2009,1,10,2,7,-8,7,NA
2009,1,11,3,3,-17,3,NA
2009,1,12,-10,5,-17,2,NA
2009,1,13,5,2,-20,4,NA
2009,1,14,-15,5,-19,7,NA
2009,1,15,3,1,-15,2,NA
2009,1,16,5,5,-1,0,NA
2009,1,17,6,2,-2,7,NA
2009,1,18,8,3,0,7,NA
2009,1,19,7,4,-4,7,NA
2009,1,20,6,8,-5,7,NA
2009,1,21,3,8,-9,8,NA
2009,1,22,-7,6,-22,2,NA
2009,1,23,-22,0,-28,1,NA
2009,1,24,-19,4,-30,8,NA
2009,1,25,-16,0,-25,6,NA
2009,1,26,-10,5,-25,0,NA
2009,1,27,2,4,-15,8,NA
2009,1,28,0,0,-8,4,NA
2009,1,29,3,0,-8,8,NA
2009,1,30,7,0,0,6,NA
2009,1,31,3,2,-6,7,NA
2009,2,1,-1,7,-10,2,NA
2009,2,2,-1,8,-12,2,NA
2009,2,3,4,4,-6,1,NA
2009,2,4,11,0,-1,9,NA
2009,2,5,6,4,-3,3,NA
2009,2,6,0,9,-8,6,NA
2009,2,7,4,3,-8,9,NA
2009,2,8,8,1,-4,8,NA
2009,2,9,0,5,-6,0,NA
2009,2,10,-1,2,-12,8,NA
2009,2,11,-4,2,-16,4,NA
2009,2,12,-7,7,-18,1,NA
2009,2,13,-9,8,-21,7,NA
2009,2,14,-9,6,-22,9,NA
2009,2,15,-10,7,-20,6,NA
2009,2,16,-6,6,-20,7,NA
2009,2,17,-4,8,-18,8,NA
2009,2,18,0,6,-13,6,NA
2009,2,19,0,7,-14,7,NA
2009,2,20,-3,1,-15,2,NA
2009,2,21,1,7,-15,7,NA
2009,2,22,-1,4,-11,4,NA
2009,2,23,-7,4,-12,7,NA
2009,2,24,-11,1,-17,3,NA
2009,2,25,-17,4,-24,7,NA
2009,2,26,NA,-30,2,NA,0
2009,2,27,-9,4,-25,3,NA
2009,2,28,-12,0,-24,1,NA
2009,3,1,-9,6,-22,1,NA
2009,3,2,-1,0,-17,4,NA
2009,3,3,-2,0,-9,6,NA
2009,3,4,2,4,-9,6,NA
2009,3,5,-3,6,-21,5,NA
2009,3,6,-12,9,-28,5,NA
2009,3,7,-1,2,-15,3,NA
2009,3,8,-9,2,-22,7,NA
2009,3,9,-22,1,-31,7,NA
2009,3,10,NA,NA,NA,NA,<31
2009,3,11,-11,0,-28,0,NA
2009,3,12,-1,2,-16,0,NA
2009,3,13,5,9,-4,5,NA
2009,3,14,1,5,-10,6,NA
2009,3,15,-5,2,-9,6,NA
2009,3,16,-5,4,-13,7,NA
2009,3,17,-6,1,-18,4,NA
2009,3,18,-1,9,-15,8,NA
2009,3,19,9,4,-5,9,NA
2009,3,20,2,9,-10,7,NA
2009,3,21,2,6,-4,0,NA
2009,3,22,NA,-3,7,NA,NA
2009,3,23,NA,NA,NA,NA,<31
2009,3,24,-3,5,-18,8,NA
2009,3,25,NA,-15,0,NA,NA
2009,3,26,NA,NA,NA,NA,<31
2009,3,27,4,3,NA,NA,0
2009,3,28,4,7,-4,0,NA
2009,3,29,2,9,-8,8,NA
2009,3,30,6,6,-6,1,NA
2009,3,31,9,0,-4,5,NA
2009,4,1,3,7,-2,6,NA
2009,4,2,3,0,-4,7,NA
2009,4,3,1,6,-5,8,NA
2009,4,4,5,2,-4,6,NA
2009,4,5,10,2,-6,0,NA
2009,4,6,14,3,0,3,NA
2009,4,7,13,1,-3,9,NA
2009,4,8,14,1,0,9,NA
2009,4,9,17,4,0,5,NA
2009,4,10,15,6,1,6,NA
2009,4,11,18,5,0,0,NA
2009,4,12,14,6,3,9,NA
2009,4,13,15,0,-1,6,NA
2009,4,14,2,4,-3,3,NA
2009,4,15,9,8,-6,8,NA
2009,4,16,10,2,-4,7,NA
2009,4,17,16,3,-4,7,NA
2009,4,18,13,3,0,3,NA
2009,4,19,15,0,-1,0,NA
2009,4,20,17,9,0,2,NA
2009,4,21,21,3,1,2,NA
2009,4,22,10,8,1,0,NA
2009,4,23,1,4,-8,6,NA
2009,4,24,1,7,-8,5,NA
2009,4,25,10,0,-6,9,NA
2009,4,26,8,7,-6,1,NA
2009,4,27,6,4,-4,0,NA
2009,4,28,6,3,-9,6,NA
2009,4,29,7,4,-11,0,NA
2009,4,30,11,7,-7,0,NA
2009,5,1,15,9,-1,4,NA
2009,5,2,15,8,0,5,NA
2009,5,3,22,4,1,8,NA
2009,5,4,17,3,2,1,NA
2009,5,5,19,0,-2,1,NA
2009,5,6,17,7,4,0,NA
2009,5,7,14,6,-2,9,NA
2009,5,8,14,6,3,9,NA
2009,5,9,15,7,2,9,NA
2009,5,10,18,1,0,1,NA
2009,5,11,20,6,2,5,NA
2009,5,12,14,0,-1,1,NA
2009,5,13,10,5,-3,7,NA
2009,5,14,8,4,0,1,NA
2009,5,15,14,2,-4,0,NA
2009,5,16,20,7,3,3,NA
2009,5,17,23,8,4,0,NA
2009,5,18,4,1,-1,1,NA
2009,5,19,11,6,0,7,NA
2009,5,20,9,3,-2,5,NA
2009,5,21,13,2,-2,6,NA
2009,5,22,16,2,-5,3,NA
2009,5,23,22,7,2,4,NA
2009,5,24,24,4,6,3,NA
2009,5,25,19,8,3,6,NA
2009,5,26,25,2,6,9,NA
2009,5,27,20,6,4,3,NA
2009,5,28,22,3,1,0,NA
2009,5,29,NA,0,7,NA,0
2009,5,30,23,0,9,0,NA
2009,5,31,20,7,3,0,NA
2009,6,1,16,9,3,1,NA
2009,6,2,21,7,-2,4,NA
2009,6,3,NA,6,9,NA,0
2009,6,4,17,7,4,3,NA
2009,6,5,10,8,4,7,NA
2009,6,6,12,0,1,6,NA
2009,6,7,13,0,-2,5,NA
2009,6,8,13,0,-3,6,NA
2009,6,9,16,2,-4,9,NA
2009,6,10,19,4,1,7,NA
2009,6,11,25,6,7,3,NA
2009,6,12,23,3,11,3,NA
2009,6,13,NA,8,8,NA,0
2009,6,14,NA,NA,NA,NA,<31
2009,6,15,NA,9,6,NA,0
2009,6,16,NA,9,1,NA,0
2009,6,17,NA,8,7,NA,0
2009,6,18,21,5,11,5,NA
2009,6,19,25,1,7,4,NA
2009,6,20,NA,10,8,NA,0
2009,6,21,16,2,11,0,NA
2009,6,22,19,2,10,1,NA
2009,6,23,23,0,9,4,NA
2009,6,24,NA,6,4,NA,0
2009,6,25,NA,13,1,NA,0
2009,6,26,23,1,7,5,NA
2009,6,27,22,7,4,6,NA
2009,6,28,23,2,8,6,NA
2009,6,29,22,6,8,5,NA
2009,6,30,19,0,9,2,NA
2009,7,1,21,6,4,8,NA
2009,7,2,23,6,5,6,NA
2009,7,3,21,1,8,8,NA
2009,7,4,23,7,4,0,NA
2009,7,5,24,0,7,9,NA
2009,7,6,23,0,13,4,NA
2009,7,7,22,1,11,7,NA
2009,7,8,18,8,6,6,NA
2009,7,9,15,8,4,3,NA
2009,7,10,21,7,2,0,NA
2009,7,11,15,7,7,6,NA
2009,7,12,24,9,5,4,NA
2009,7,13,23,7,9,6,NA
2009,7,14,16,4,6,3,NA
2009,7,15,NA,5,0,NA,0
2009,7,16,NA,NA,NA,NA,<31
2009,7,17,NA,NA,NA,NA,<31
2009,7,18,NA,NA,NA,NA,<31
2009,7,19,22,4,11,1,NA
2009,7,20,22,8,10,5,NA
2009,7,21,NA,8,4,NA,0
2009,7,22,NA,NA,NA,NA,<31
2009,7,23,NA,NA,NA,NA,<31
2009,7,24,NA,NA,NA,NA,<31
2009,7,25,NA,NA,NA,NA,<31
2009,7,26,NA,NA,NA,NA,<31
2009,7,27,NA,8,8,NA,0
2009,7,28,22,3,10,4,NA
2009,7,29,22,4,6,6,NA
2009,7,30,24,9,7,2,NA
2009,7,31,23,4,7,6,NA
2009,8,1,NA,11,4,NA,0
2009,8,2,26,0,11,9,NA
2009,8,3,20,1,7,0,NA
2009,8,4,16,5,8,6,NA
2009,8,5,15,0,8,6,NA
2009,8,6,14,8,9,9,NA
2009,8,7,19,6,9,6,NA
2009,8,8,24,1,7,7,NA
2009,8,9,NA,10,7,NA,0
2009,8,10,NA,10,8,NA,0
2009,8,11,22,6,10,4,NA
2009,8,12,23,6,7,5,NA
2009,8,13,17,8,8,9,NA
2009,8,14,12,5,9,0,NA
2009,8,15,11,5,9,3,NA
2009,8,16,20,6,8,5,NA
2009,8,17,23,8,8,2,NA
2009,8,18,23,3,14,9,NA
2009,8,19,21,3,10,7,NA
2009,8,20,22,9,7,4,NA
2009,8,21,28,2,12,2,NA
2009,8,22,23,6,10,1,NA
2009,8,23,21,6,8,1,NA
2009,8,24,21,5,4,0,NA
2009,8,25,26,8,4,7,NA
2009,8,26,22,9,8,9,NA
2009,8,27,24,6,6,8,NA
2009,8,28,27,3,8,1,NA
2009,8,29,26,3,9,7,NA
2009,8,30,26,3,7,8,NA
2009,8,31,28,7,6,8,NA
2009,9,1,29,5,9,3,NA
2009,9,2,31,0,9,4,NA
2009,9,3,31,9,8,2,NA
2009,9,4,23,2,8,9,NA
2009,9,5,24,2,6,4,NA
2009,9,6,26,8,10,8,NA
2009,9,7,19,0,4,5,NA
2009,9,8,20,7,4,6,NA
2009,9,9,21,8,4,0,NA
2009,9,10,19,3,6,7,NA
2009,9,11,23,6,3,7,NA
2009,9,12,26,5,6,6,NA
2009,9,13,24,6,6,6,NA
2009,9,14,19,7,2,3,NA
2009,9,15,27,1,8,6,NA
2009,9,16,31,0,8,6,NA
2009,9,17,23,3,6,1,NA
2009,9,18,25,5,3,3,NA
2009,9,19,31,3,10,9,NA
2009,9,20,16,8,4,8,NA
2009,9,21,20,7,1,1,NA
2009,9,22,29,9,7,6,NA
2009,9,23,32,6,9,0,NA
2009,9,24,25,6,10,0,NA
2009,9,25,22,5,2,4,NA
2009,9,26,17,1,5,1,NA
2009,9,27,13,9,0,6,NA
2009,9,28,14,7,-3,5,NA
2009,9,29,21,9,6,2,NA
2009,9,30,11,7,-1,2,NA
2009,10,1,11,5,-5,0,NA
2009,10,2,13,3,-6,5,NA
2009,10,3,5,3,-6,7,NA
2009,10,4,4,9,1,1,NA
2009,10,5,6,1,1,6,NA
2009,10,6,17,0,1,2,NA
2009,10,7,2,3,-5,8,NA
2009,10,8,0,6,-9,1,NA
2009,10,9,-3,7,-9,8,NA
2009,10,10,-3,6,-6,8,NA
2009,10,11,-4,1,-6,5,NA
2009,10,12,-2,5,-6,7,NA
2009,10,13,0,1,-7,9,NA
2009,10,14,0,4,-3,8,NA
2009,10,15,2,5,-2,2,NA
2009,10,16,9,3,-3,8,NA
2009,10,17,14,8,3,1,NA
2009,10,18,9,5,0,1,NA
2009,10,19,8,6,-3,7,NA
2009,10,20,6,5,-3,6,NA
2009,10,21,8,9,-3,8,NA
2009,10,22,11,7,1,8,NA
2009,10,23,9,9,-3,2,NA
2009,10,24,7,2,1,2,NA
2009,10,25,10,0,-3,5,NA
2009,10,26,11,7,0,3,NA
2009,10,27,5,1,0,8,NA
2009,10,28,2,0,0,7,NA
2009,10,29,3,6,-2,4,NA
2009,10,30,3,8,0,5,NA
2009,10,31,10,6,0,1,NA
2009,11,1,6,0,-5,5,NA
2009,11,2,10,8,-7,9,NA
2009,11,3,9,2,-4,5,NA
2009,11,4,6,8,-8,0,NA
2009,11,5,18,3,0,9,NA
2009,11,6,10,6,0,1,NA
2009,11,7,9,3,-3,1,NA
2009,11,8,7,6,-5,9,NA
2009,11,9,7,4,-4,5,NA
2009,11,10,7,7,-6,8,NA
2009,11,11,6,4,-6,0,NA
2009,11,12,4,4,-6,0,NA
2009,11,13,6,3,-10,9,NA
2009,11,14,1,7,-10,2,NA
2009,11,15,7,0,-7,4,NA
2009,11,16,14,3,3,9,NA
2009,11,17,15,8,1,5,NA
2009,11,18,6,8,-5,5,NA
2009,11,19,7,2,-8,4,NA
2009,11,20,13,2,-6,2,NA
2009,11,21,6,4,-4,9,NA
2009,11,22,0,5,-12,4,NA
2009,11,23,4,4,-10,9,NA
2009,11,24,4,0,-7,6,NA
2009,11,25,4,3,-9,6,NA
2009,11,26,4,5,-4,2,NA
2009,11,27,1,3,-7,9,NA
2009,11,28,2,6,-9,4,NA
2009,11,29,9,7,-6,5,NA
2009,11,30,2,6,-4,8,NA
2009,12,1,-3,6,-7,4,NA
2009,12,2,-7,2,-17,2,NA
2009,12,3,-10,9,-16,9,NA
2009,12,4,-3,2,-13,1,NA
2009,12,5,-5,4,-13,6,NA
2009,12,6,-13,7,-29,6,NA
2009,12,7,NA,NA,NA,NA,<31
2009,12,8,NA,-32,0,NA,0
2009,12,9,NA,-24,8,NA,0
2009,12,10,NA,NA,NA,NA,<31
2009,12,11,NA,NA,NA,NA,<31
2009,12,12,NA,NA,NA,NA,NA
2009,12,13,NA,NA,NA,NA,<31
2009,12,14,NA,NA,NA,NA,<31
2009,12,15,NA,NA,NA,NA,NA
2009,12,16,-1,1,-21,2,NA
2009,12,17,1,3,-10,8,NA
2009,12,18,-3,1,-9,2,NA
2009,12,19,-2,0,-10,1,NA
2009,12,20,-5,0,-16,6,NA
2009,12,21,-10,7,-13,1,NA
2009,12,22,-13,3,-15,5,NA
2009,12,23,NA,-25,2,NA,0
2009,12,24,-15,2,NA,NA,0
2009,12,25,-12,0,-20,3,NA
2009,12,26,-5,4,-20,0,NA
2009,12,27,-5,4,-19,4,NA
2009,12,28,NA,-22,5,NA,0
2009,12,29,NA,NA,NA,NA,NA
2009,12,30,NA,NA,NA,NA,<31
2009,12,31,NA,-27,4,NA,NA
2010,1,1,NA,-32,4,NA,0
2010,1,2,NA,NA,NA,NA,<31
2010,1,3,-14,1,-17,7,NA
2010,1,4,-14,8,-17,1,NA
2010,1,5,NA,NA,NA,NA,<31
2010,1,6,-23,3,-30,8,NA
2010,1,7,-18,7,-26,4,NA
2010,1,8,-5,3,NA,NA,0
2010,1,9,3,9,-9,6,NA
2010,1,10,3,4,-3,0,NA
2010,1,11,6,2,-2,7,NA
2010,1,12,4,7,0,1,NA
2010,1,13,5,4,-7,9,NA
2010,1,14,5,6,-8,5,NA
2010,1,15,5,1,0,9,NA
2010,1,16,3,3,-6,5,NA
2010,1,17,0,3,-7,5,NA
2010,1,18,3,6,-6,5,NA
2010,1,19,NA,-5,6,NA,0
2010,1,20,-5,5,-12,9,NA
2010,1,21,-4,7,-11,9,NA
2010,1,22,-3,3,-6,8,NA
2010,1,23,-4,9,-6,8,NA
2010,1,24,-6,4,-12,6,NA
2010,1,25,-11,3,-16,7,NA
2010,1,26,-17,2,-23,3,NA
2010,1,27,-12,2,NA,NA,0
2010,1,28,-10,1,-25,9,NA
2010,1,29,-7,8,-19,8,NA
2010,1,30,NA,-13,0,NA,0
2010,1,31,-12,0,-13,7,NA
2010,2,1,-4,2,-14,2,NA
2010,2,2,-6,5,-16,3,NA
2010,2,3,-6,9,-8,8,NA
2010,2,4,-8,7,-11,3,NA
2010,2,5,-11,0,-16,6,NA
2010,2,6,-5,5,-15,6,NA
2010,2,7,-5,5,-13,7,NA
2010,2,8,-12,3,-22,4,NA
2010,2,9,-8,9,-24,7,NA
2010,2,10,-1,1,-16,9,NA
2010,2,11,-4,8,-17,4,NA
2010,2,12,-9,9,-21,7,NA
2010,2,13,NA,-12,1,NA,0
2010,2,14,-7,2,-19,4,NA
2010,2,15,2,6,-11,4,NA
2010,2,16,-2,0,-13,0,NA
2010,2,17,0,7,-7,1,NA
2010,2,18,0,5,-9,0,NA
2010,2,19,-5,1,-12,0,NA
2010,2,20,-8,1,-10,5,NA
2010,2,21,-3,3,-13,5,NA
2010,2,22,-7,0,-11,2,NA
2010,2,23,-6,8,-12,5,NA
2010,2,24,-5,4,-11,7,NA
2010,2,25,1,9,-15,8,NA
2010,2,26,1,6,-14,4,NA
2010,2,27,0,2,-8,6,NA
2010,2,28,-1,0,-10,8,NA
2010,3,1,4,2,-12,0,NA
2010,3,2,0,7,-9,5,NA
2010,3,3,1,9,-8,2,NA
2010,3,4,8,7,-2,3,NA
2010,3,5,6,7,-5,6,NA
2010,3,6,7,2,-6,2,NA
2010,3,7,7,5,-1,9,NA
2010,3,8,2,6,-2,2,NA
2010,3,9,NA,NA,NA,NA,<31
2010,3,10,0,0,-6,5,NA
2010,3,11,3,9,-10,1,NA
2010,3,12,8,7,-3,4,NA
2010,3,13,3,2,-4,5,NA
2010,3,14,6,4,-5,5,NA
2010,3,15,9,8,-1,3,NA
2010,3,16,12,3,0,0,NA
2010,3,17,9,8,1,8,NA
2010,3,18,3,8,-3,2,NA
2010,3,19,1,5,-7,0,NA
2010,3,20,12,6,-1,5,NA
2010,3,21,10,3,-2,8,NA
2010,3,22,0,3,-5,7,NA
2010,3,23,8,3,-6,0,NA
2010,3,24,-1,8,-8,2,NA
2010,3,25,6,4,-9,5,NA
2010,3,26,2,6,-5,2,NA
2010,3,27,15,0,-3,9,NA
2010,3,28,18,5,0,0,NA
2010,3,29,19,4,-2,3,NA
2010,3,30,11,4,-2,7,NA
2010,3,31,10,6,0,9,NA
2010,4,1,10,0,-3,2,NA
2010,4,2,11,9,-5,2,NA
2010,4,3,12,8,-2,0,NA
2010,4,4,11,5,-4,6,NA
2010,4,5,13,0,-8,1,NA
2010,4,6,14,5,-2,0,NA
2010,4,7,15,2,-1,7,NA
2010,4,8,18,4,-2,0,NA
2010,4,9,4,6,-3,8,NA
2010,4,10,3,0,-7,5,NA
2010,4,11,2,2,-10,2,NA
2010,4,12,NA,NA,NA,NA,<31
2010,4,13,1,2,0,6,NA
2010,4,14,7,2,0,6,NA
2010,4,15,11,4,-4,7,NA
2010,4,16,7,1,-4,5,NA
2010,4,17,15,7,-2,6,NA
2010,4,18,20,4,2,6,NA
2010,4,19,21,6,2,1,NA
2010,4,20,21,4,5,4,NA
2010,4,21,22,6,4,3,NA
2010,4,22,21,5,4,1,NA
2010,4,23,11,6,0,7,NA
2010,4,24,9,0,-3,8,NA
2010,4,25,6,9,-2,0,NA
2010,4,26,10,3,-3,6,NA
2010,4,27,13,1,0,7,NA
2010,4,28,8,4,5,7,NA
2010,4,29,NA,3,1,NA,0
2010,4,30,11,5,0,8,NA
2010,5,1,11,8,-1,3,NA
2010,5,2,13,7,-1,3,NA
2010,5,3,14,8,1,0,NA
2010,5,4,4,6,0,0,NA
2010,5,5,2,6,-2,2,NA
2010,5,6,5,7,-1,0,NA
2010,5,7,8,9,0,1,NA
2010,5,8,11,8,-2,8,NA
2010,5,9,9,7,0,9,NA
2010,5,10,13,0,0,1,NA
2010,5,11,16,4,0,6,NA
2010,5,12,19,6,3,7,NA
2010,5,13,20,4,4,6,NA
2010,5,14,21,3,4,8,NA
2010,5,15,23,1,7,5,NA
2010,5,16,25,6,4,9,NA
2010,5,17,28,3,10,3,NA
2010,5,18,29,9,9,9,NA
2010,5,19,22,9,8,9,NA
2010,5,20,20,8,5,0,NA
2010,5,21,11,4,1,6,NA
2010,5,22,8,3,0,8,NA
2010,5,23,6,6,2,5,NA
2010,5,24,16,6,1,0,NA
2010,5,25,14,9,3,0,NA
2010,5,26,18,2,0,2,NA
2010,5,27,12,9,2,7,NA
2010,5,28,5,2,3,2,NA
2010,5,29,3,9,0,0,NA
2010,5,30,6,2,0,1,NA
2010,5,31,9,5,1,7,NA
2010,6,1,14,6,1,2,NA
2010,6,2,21,6,3,6,NA
2010,6,3,13,5,7,5,NA
2010,6,4,17,9,6,0,NA
2010,6,5,19,7,6,3,NA
2010,6,6,22,2,5,1,NA
2010,6,7,14,1,9,8,NA
2010,6,8,12,7,5,2,NA
2010,6,9,13,2,3,1,NA
2010,6,10,8,6,5,2,NA
2010,6,11,17,4,5,5,NA
2010,6,12,21,5,5,7,NA
2010,6,13,25,6,9,7,NA
2010,6,14,19,3,10,7,NA
2010,6,15,17,9,7,9,NA
2010,6,16,19,2,5,5,NA
2010,6,17,16,7,10,6,NA
2010,6,18,19,2,10,0,NA
2010,6,19,21,3,11,3,NA
2010,6,20,24,2,9,9,NA
2010,6,21,25,3,10,8,NA
2010,6,22,23,2,9,5,NA
2010,6,23,24,3,9,8,NA
2010,6,24,25,0,11,2,NA
2010,6,25,23,8,11,5,NA
2010,6,26,21,2,10,7,NA
2010,6,27,26,2,11,6,NA
2010,6,28,26,4,12,7,NA
2010,6,29,28,1,15,6,NA
2010,6,30,23,5,7,5,NA
2010,7,1,20,3,4,2,NA
2010,7,2,19,1,6,9,NA
2010,7,3,21,2,6,8,NA
2010,7,4,21,6,8,0,NA
2010,7,5,16,9,8,9,NA
2010,7,6,21,9,9,8,NA
2010,7,7,23,2,9,5,NA
2010,7,8,27,7,11,4,NA
2010,7,9,30,1,11,9,NA
2010,7,10,19,3,9,5,NA
2010,7,11,22,7,9,1,NA
2010,7,12,25,3,8,8,NA
2010,7,13,16,5,6,6,NA
2010,7,14,21,2,NA,NA,0
2010,7,15,26,0,12,3,NA
2010,7,16,20,6,9,9,NA
2010,7,17,21,4,8,9,NA
2010,7,18,24,2,7,0,NA
2010,7,19,15,0,11,3,NA
2010,7,20,21,6,10,9,NA
2010,7,21,24,7,9,9,NA
2010,7,22,24,4,10,7,NA
2010,7,23,22,5,12,7,NA
2010,7,24,26,7,11,3,NA
2010,7,25,24,9,12,7,NA
2010,7,26,21,6,10,1,NA
2010,7,27,22,0,8,2,NA
2010,7,28,25,9,10,1,NA
2010,7,29,29,9,13,5,NA
2010,7,30,25,9,12,0,NA
2010,7,31,23,6,11,8,NA
2010,8,1,22,8,12,5,NA
2010,8,2,21,0,12,5,NA
2010,8,3,19,2,10,9,NA
2010,8,4,21,2,10,7,NA
2010,8,5,23,6,10,1,NA
2010,8,6,26,3,12,2,NA
2010,8,7,26,4,10,7,NA
2010,8,8,20,8,12,6,NA
2010,8,9,25,3,NA,NA,0
2010,8,10,24,5,10,5,NA
2010,8,11,24,4,11,8,NA
2010,8,12,19,6,11,5,NA
2010,8,13,18,1,12,2,NA
2010,8,14,20,2,10,2,NA
2010,8,15,21,9,9,6,NA
2010,8,16,22,0,9,5,NA
2010,8,17,16,9,10,9,NA
2010,8,18,22,4,10,3,NA
2010,8,19,23,7,11,7,NA
2010,8,20,19,1,9,5,NA
2010,8,21,18,8,9,3,NA
2010,8,22,16,1,8,4,NA
2010,8,23,15,8,6,2,NA
2010,8,24,22,4,6,6,NA
2010,8,25,28,3,6,2,NA
2010,8,26,31,4,8,1,NA
2010,8,27,18,4,6,4,NA
2010,8,28,15,2,2,1,NA
2010,8,29,12,1,1,8,NA
2010,8,30,14,4,4,4,NA
2010,8,31,21,1,3,5,NA
2010,9,1,17,5,4,2,NA
2010,9,2,19,6,3,6,NA
2010,9,3,24,0,3,0,NA
2010,9,4,19,8,6,2,NA
2010,9,5,NA,7,4,NA,0
2010,9,6,15,3,2,8,NA
2010,9,7,18,1,0,7,NA
2010,9,8,12,6,6,6,NA
2010,9,9,10,9,8,8,NA
2010,9,10,15,6,6,9,NA
2010,9,11,14,0,4,4,NA
2010,9,12,16,7,2,8,NA
2010,9,13,11,0,6,8,NA
2010,9,14,9,4,6,7,NA
2010,9,15,11,7,4,9,NA
2010,9,16,8,0,0,4,NA
2010,9,17,9,9,-6,7,NA
2010,9,18,13,0,-4,2,NA
2010,9,19,6,0,0,7,NA
2010,9,20,5,5,1,3,NA
2010,9,21,8,7,-1,9,NA
2010,9,22,12,4,0,3,NA
2010,9,23,16,0,0,1,NA
2010,9,24,18,6,1,2,NA
2010,9,25,23,0,4,7,NA
2010,9,26,20,9,5,3,NA
2010,9,27,23,7,4,2,NA
2010,9,28,19,6,8,9,NA
2010,9,29,19,5,3,5,NA
2010,9,30,17,0,0,8,NA
2010,10,1,NA,-1,2,NA,0
2010,10,2,25,4,6,9,NA
2010,10,3,18,2,2,3,NA
2010,10,4,15,0,9,0,NA
2010,10,5,15,0,4,0,NA
2010,10,6,23,1,3,3,NA
2010,10,7,22,7,1,0,NA
2010,10,8,20,5,3,0,NA
2010,10,9,21,5,1,6,NA
2010,10,10,26,5,6,3,NA
2010,10,11,14,0,0,3,NA
2010,10,12,15,2,1,3,NA
2010,10,13,18,8,2,6,NA
2010,10,14,20,8,0,2,NA
2010,10,15,9,9,-1,2,NA
2010,10,16,8,9,-4,3,NA
2010,10,17,11,1,-4,3,NA
2010,10,18,13,9,0,8,NA
2010,10,19,16,0,3,5,NA
2010,10,20,13,4,0,0,NA
2010,10,21,18,7,-1,5,NA
2010,10,22,9,3,-2,3,NA
2010,10,23,6,0,-3,5,NA
2010,10,24,4,8,1,0,NA
2010,10,25,1,2,-1,3,NA
2010,10,26,-1,7,-6,3,NA
2010,10,27,-4,2,-9,0,NA
2010,10,28,0,2,-4,1,NA
2010,10,29,0,0,-3,6,NA
2010,10,30,7,8,-3,1,NA
2010,10,31,14,7,-3,7,NA
2010,11,1,13,5,-1,2,NA
2010,11,2,14,1,0,5,NA
2010,11,3,11,9,-2,6,NA
2010,11,4,14,6,-2,9,NA
2010,11,5,16,2,-3,6,NA
2010,11,6,9,9,-6,9,NA
2010,11,7,11,6,-5,1,NA
2010,11,8,4,7,-6,7,NA
2010,11,9,6,2,-8,3,NA
2010,11,10,4,7,-11,4,NA
2010,11,11,3,7,-8,5,NA
2010,11,12,3,0,-7,4,NA
2010,11,13,7,3,-6,3,NA
2010,11,14,7,0,-2,1,NA
2010,11,15,5,3,-1,0,NA
2010,11,16,-1,4,-11,3,NA
2010,11,17,-10,3,-12,2,NA
2010,11,18,-12,1,-24,4,NA
2010,11,19,-14,2,-24,4,NA
2010,11,20,-13,0,-22,9,NA
2010,11,21,-16,9,-20,9,NA
2010,11,22,-19,2,-26,8,NA
2010,11,23,NA,-32,4,NA,0
2010,11,24,NA,-28,7,NA,0
2010,11,25,2,9,-19,4,NA
2010,11,26,0,6,-6,7,NA
2010,11,27,-1,6,-15,7,NA
2010,11,28,NA,-15,8,NA,0
2010,11,29,-6,8,-19,2,NA
2010,11,30,-9,9,-18,0,NA
2010,12,1,-10,2,-20,5,NA
2010,12,2,-9,8,-19,6,NA
2010,12,3,-6,5,-11,8,NA
2010,12,4,-7,7,-15,5,NA
2010,12,5,-7,9,-23,5,NA
2010,12,6,-9,5,-25,4,NA
2010,12,7,-11,4,-21,6,NA
2010,12,8,-9,6,-16,3,NA
2010,12,9,-10,5,-17,9,NA
2010,12,10,-13,6,-19,5,NA
2010,12,11,-14,5,-18,4,NA
2010,12,12,-8,5,-17,2,NA
2010,12,13,-4,8,-15,4,NA
2010,12,14,0,2,-14,5,NA
2010,12,15,-1,4,-13,7,NA
2010,12,16,-13,7,-17,6,NA
2010,12,17,-11,7,-14,9,NA
2010,12,18,-11,6,-17,6,NA
2010,12,19,-11,0,-18,9,NA
2010,12,20,-14,7,-21,0,NA
2010,12,21,-12,6,-20,4,NA
2010,12,22,-7,9,-18,4,NA
2010,12,23,-12,0,-19,0,NA
2010,12,24,-4,6,-19,8,NA
2010,12,25,1,3,-6,7,NA
2010,12,26,4,8,-10,8,NA
2010,12,27,-3,5,-11,7,NA
2010,12,28,-6,6,-9,0,NA
2010,12,29,NA,NA,NA,NA,<31
2010,12,30,-18,1,-25,8,NA
2010,12,31,-17,7,-23,7,NA
2011,1,1,-2,1,-22,2,NA
2011,1,2,-1,4,-10,9,NA
2011,1,3,-3,3,-10,1,NA
2011,1,4,0,2,-8,2,NA
2011,1,5,1,7,-9,0,NA
2011,1,6,2,3,-8,3,NA
2011,1,7,-5,4,-15,5,NA
2011,1,8,-5,5,-13,3,NA
2011,1,9,-13,1,-16,6,NA
2011,1,10,-16,0,-25,7,NA
2011,1,11,-21,2,-28,0,NA
2011,1,12,-21,8,-33,5,NA
2011,1,13,-21,2,-27,2,NA
2011,1,14,-22,9,-25,4,NA
2011,1,15,-17,8,-26,2,NA
2011,1,16,-19,6,-22,2,NA
2011,1,17,NA,-22,9,NA,0
2011,1,18,-6,8,-24,7,NA
2011,1,19,-5,3,-16,0,NA
2011,1,20,2,7,-18,0,NA
2011,1,21,1,7,-8,3,NA
2011,1,22,1,2,-9,9,NA
2011,1,23,6,4,-4,1,NA
2011,1,24,2,2,-9,6,NA
2011,1,25,NA,NA,NA,NA,<31
2011,1,26,4,2,-4,1,NA
2011,1,27,4,6,-2,1,NA
2011,1,28,2,9,-12,7,NA
2011,1,29,-12,3,-21,0,NA
2011,1,30,NA,-22,2,NA,0
2011,1,31,-22,4,-32,3,NA
2011,2,1,-14,3,-28,2,NA
2011,2,2,4,0,-14,4,NA
2011,2,3,4,0,-2,9,NA
2011,2,4,6,2,1,8,NA
2011,2,5,2,6,-8,9,NA
2011,2,6,-8,4,-20,5,NA
2011,2,7,-16,2,-26,6,NA
2011,2,8,-13,0,-26,6,NA
2011,2,9,-4,0,-22,5,NA
2011,2,10,2,8,-4,6,NA
2011,2,11,2,8,-4,7,NA
2011,2,12,4,4,-3,7,NA
2011,2,13,3,8,-3,1,NA
2011,2,14,3,1,-5,4,NA
2011,2,15,3,8,-16,2,NA
2011,2,16,-16,0,-21,0,NA
2011,2,17,-21,1,-24,8,NA
2011,2,18,-20,9,-29,0,NA
2011,2,19,-18,7,-29,3,NA
2011,2,20,-16,8,-26,7,NA
2011,2,21,-4,4,-19,9,NA
2011,2,22,-6,3,-17,0,NA
2011,2,23,-17,5,-23,7,NA
2011,2,24,-22,8,-29,2,NA
2011,2,25,-17,4,-30,7,NA
2011,2,26,-4,8,-18,9,NA
2011,2,27,-7,9,-16,2,NA
2011,2,28,-16,4,-28,4,NA
2011,3,1,-18,1,-33,6,NA
2011,3,2,-20,9,-29,0,NA
2011,3,3,-17,5,-26,0,NA
2011,3,4,-15,1,-25,2,NA
2011,3,5,-14,5,-19,9,NA
2011,3,6,-15,6,-27,4,NA
2011,3,7,-14,2,-26,1,NA
2011,3,8,-10,1,-24,5,NA
2011,3,9,-2,9,-22,9,NA
2011,3,10,-2,2,-13,8,NA
2011,3,11,-17,3,-21,2,NA
2011,3,12,-4,8,-23,1,NA
2011,3,13,4,5,-10,9,NA
2011,3,14,5,3,-1,8,NA
2011,3,15,3,3,-5,1,NA
2011,3,16,-2,3,-7,1,NA
2011,3,17,0,2,-4,4,NA
2011,3,18,3,0,-4,6,NA
2011,3,19,-1,0,-5,3,NA
2011,3,20,-2,6,-5,1,NA
2011,3,21,-1,5,-5,3,NA
2011,3,22,-2,5,-5,0,NA
2011,3,23,-4,3,-7,9,NA
2011,3,24,-5,6,-10,1,NA
2011,3,25,-6,6,-13,8,NA
2011,3,26,-5,1,-8,6,NA
2011,3,27,-3,6,-6,0,NA
2011,3,28,-1,5,-5,5,NA
2011,3,29,0,8,-4,7,NA
2011,3,30,5,4,-7,3,NA
2011,3,31,5,9,0,2,NA
2011,4,1,4,2,-2,9,NA
2011,4,2,2,5,-2,2,NA
2011,4,3,2,9,-7,2,NA
2011,4,4,5,5,-4,6,NA
2011,4,5,NA,-6,5,NA,0
2011,4,6,11,6,-4,6,NA
2011,4,7,3,1,-7,4,NA
2011,4,8,3,9,-7,7,NA
2011,4,9,8,1,-2,9,NA
2011,4,10,11,0,-1,9,NA
2011,4,11,15,2,1,2,NA
2011,4,12,3,8,-4,6,NA
2011,4,13,7,1,-6,5,NA
2011,4,14,1,8,-2,4,NA
2011,4,15,1,3,-2,8,NA
2011,4,16,0,4,-3,6,NA
2011,4,17,1,1,-5,4,NA
2011,4,18,4,0,-8,2,NA
2011,4,19,7,1,-5,6,NA
2011,4,20,9,3,-4,3,NA
2011,4,21,10,2,-5,4,NA
2011,4,22,10,1,-4,9,NA
2011,4,23,11,5,-3,2,NA
2011,4,24,15,6,-2,6,NA
2011,4,25,18,0,-3,5,NA
2011,4,26,16,4,3,7,NA
2011,4,27,12,3,0,6,NA
2011,4,28,10,6,-1,4,NA
2011,4,29,11,4,0,3,NA
2011,4,30,11,1,-1,6,NA
2011,5,1,13,9,-1,1,NA
2011,5,2,19,8,0,5,NA
2011,5,3,13,3,4,7,NA
2011,5,4,15,4,1,6,NA
2011,5,5,15,3,1,3,NA
2011,5,6,15,7,1,7,NA
2011,5,7,13,7,0,2,NA
2011,5,8,12,1,2,4,NA
2011,5,9,17,5,-1,1,NA
2011,5,10,19,4,0,0,NA
2011,5,11,20,5,5,8,NA
2011,5,12,22,5,5,9,NA
2011,5,13,18,4,6,3,NA
2011,5,14,19,1,1,2,NA
2011,5,15,19,6,3,4,NA
2011,5,16,22,2,7,8,NA
2011,5,17,19,0,4,0,NA
2011,5,18,20,3,1,1,NA
2011,5,19,21,2,4,9,NA
2011,5,20,22,9,4,5,NA
2011,5,21,24,3,7,1,NA
2011,5,22,25,0,10,6,NA
2011,5,23,12,9,4,8,NA
2011,5,24,10,8,4,8,NA
2011,5,25,15,5,6,9,NA
2011,5,26,18,5,9,9,NA
2011,5,27,17,2,6,1,NA
2011,5,28,18,0,4,3,NA
2011,5,29,16,6,-2,1,NA
2011,5,30,17,9,0,0,NA
2011,5,31,20,0,3,8,NA
2011,6,1,18,9,2,9,NA
2011,6,2,18,7,3,1,NA
2011,6,3,13,9,5,7,NA
2011,6,4,11,4,0,9,NA
2011,6,5,19,4,6,1,NA
2011,6,6,18,8,7,2,NA
2011,6,7,21,0,3,2,NA
2011,6,8,19,8,5,4,NA
2011,6,9,21,9,6,4,NA
2011,6,10,22,6,5,1,NA
2011,6,11,21,4,9,4,NA
2011,6,12,18,6,9,9,NA
2011,6,13,22,6,5,9,NA
2011,6,14,18,5,8,3,NA
2011,6,15,16,8,7,0,NA
2011,6,16,16,9,9,1,NA
2011,6,17,19,6,7,7,NA
2011,6,18,15,7,10,1,NA
2011,6,19,17,9,11,8,NA
2011,6,20,19,2,10,0,NA
2011,6,21,NA,8,8,NA,0
2011,6,22,25,4,10,2,NA
2011,6,23,27,2,10,0,NA
2011,6,24,20,5,9,2,NA
2011,6,25,16,7,7,9,NA
2011,6,26,18,7,9,0,NA
2011,6,27,24,1,6,2,NA
2011,6,28,25,3,8,8,NA
2011,6,29,27,6,13,3,NA
2011,6,30,21,0,11,2,NA
2011,7,1,18,5,8,7,NA
2011,7,2,23,9,6,3,NA
2011,7,3,26,1,9,8,NA
2011,7,4,20,1,7,7,NA
2011,7,5,25,5,8,1,NA
2011,7,6,27,8,9,8,NA
2011,7,7,27,2,12,9,NA
2011,7,8,23,9,9,5,NA
2011,7,9,19,3,9,6,NA
2011,7,10,19,7,12,3,NA
2011,7,11,18,4,12,3,NA
2011,7,12,16,6,11,2,NA
2011,7,13,21,3,14,7,NA
2011,7,14,23,7,11,5,NA
2011,7,15,23,4,8,2,NA
2011,7,16,25,2,8,0,NA
2011,7,17,29,9,11,5,NA
2011,7,18,28,6,13,1,NA
2011,7,19,24,6,11,3,NA
2011,7,20,20,4,10,5,NA
2011,7,21,24,6,6,7,NA
2011,7,22,16,1,10,3,NA
2011,7,23,20,9,7,2,NA
2011,7,24,24,0,9,0,NA
2011,7,25,27,0,10,8,NA
2011,7,26,18,2,13,9,NA
2011,7,27,21,2,10,8,NA
2011,7,28,23,2,8,6,NA
2011,7,29,21,0,8,8,NA
2011,7,30,25,5,7,6,NA
2011,7,31,28,9,10,7,NA
2011,8,1,21,9,10,1,NA
2011,8,2,23,7,8,3,NA
2011,8,3,22,9,10,6,NA
2011,8,4,24,2,8,4,NA
2011,8,5,25,8,12,0,NA
2011,8,6,20,6,10,7,NA
2011,8,7,18,1,6,5,NA
2011,8,8,24,0,9,9,NA
2011,8,9,27,2,8,9,NA
2011,8,10,25,8,12,3,NA
2011,8,11,20,5,9,0,NA
2011,8,12,24,4,7,8,NA
2011,8,13,28,1,10,2,NA
2011,8,14,28,6,8,8,NA
2011,8,15,18,7,6,8,NA
2011,8,16,21,5,5,7,NA
2011,8,17,24,7,7,9,NA
2011,8,18,17,9,5,9,NA
2011,8,19,19,6,4,1,NA
2011,8,20,24,6,9,8,NA
2011,8,21,30,1,8,3,NA
2011,8,22,30,7,11,3,NA
2011,8,23,23,2,8,6,NA
2011,8,24,29,8,6,0,NA
2011,8,25,22,5,7,2,NA
2011,8,26,24,4,5,9,NA
2011,8,27,NA,7,4,NA,0
2011,8,28,NA,NA,NA,NA,<31
2011,8,29,31,2,8,8,NA
2011,8,30,14,5,7,2,NA
2011,8,31,14,8,8,6,NA
2011,9,1,18,6,4,8,NA
2011,9,2,13,8,5,6,NA
2011,9,3,19,2,3,5,NA
2011,9,4,24,6,3,2,NA
2011,9,5,28,0,3,8,NA
2011,9,6,29,0,4,8,NA
2011,9,7,30,3,7,1,NA
2011,9,8,NA,7,3,NA,0
2011,9,9,NA,NA,NA,NA,<31
2011,9,10,NA,7,5,NA,0
2011,9,11,25,0,6,6,NA
2011,9,12,16,7,2,5,NA
2011,9,13,13,0,-2,1,NA
2011,9,14,17,6,-5,3,NA
2011,9,15,24,1,3,7,NA
2011,9,16,20,6,2,4,NA
2011,9,17,18,3,0,7,NA
2011,9,18,19,2,1,4,NA
2011,9,19,16,3,2,6,NA
2011,9,20,18,8,0,9,NA
2011,9,21,23,7,3,5,NA
2011,9,22,26,4,9,8,NA
2011,9,23,30,5,8,4,NA
2011,9,24,NA,6,6,NA,0
2011,9,25,NA,7,4,NA,0
2011,9,26,20,7,12,7,NA
2011,9,27,21,9,10,3,NA
2011,9,28,16,9,1,2,NA
2011,9,29,18,4,-3,4,NA
2011,9,30,29,1,4,9,NA
2011,10,1,12,0,2,0,NA
2011,10,2,16,3,0,6,NA
2011,10,3,20,2,0,2,NA
2011,10,4,22,3,6,3,NA
2011,10,5,10,9,6,7,NA
2011,10,6,10,1,8,1,NA
2011,10,7,12,8,7,1,NA
2011,10,8,NA,0,6,NA,NA
2011,10,9,17,9,0,5,NA
2011,10,10,NA,-4,7,NA,NA
2011,10,11,16,2,-3,3,NA
2011,10,12,NA,-1,7,NA,NA
2011,10,13,10,7,0,9,NA
2011,10,14,NA,-2,3,NA,NA
2011,10,15,9,6,-3,9,NA
2011,10,16,NA,-4,2,NA,NA
2011,10,17,13,8,-3,1,NA
2011,10,18,NA,1,0,NA,NA
2011,10,19,13,4,1,5,NA
2011,10,20,11,0,1,2,NA
2011,10,21,11,5,-3,2,NA
2011,10,22,11,7,-1,0,NA
2011,10,23,11,0,-2,4,NA
2011,10,24,9,7,-7,4,NA
2011,10,25,8,7,-4,2,NA
2011,10,26,8,0,-8,1,NA
2011,10,27,8,5,-5,8,NA
2011,10,28,7,1,-8,5,NA
2011,10,29,8,8,-2,0,NA
2011,10,30,14,8,-3,6,NA
2011,10,31,10,0,-1,4,NA
2011,11,1,5,7,-4,4,NA
2011,11,2,9,4,-5,1,NA
2011,11,3,10,9,-2,3,NA
2011,11,4,NA,-8,2,NA,NA
2011,11,5,0,5,-14,2,NA
2011,11,6,1,6,-15,1,NA
2011,11,7,3,2,-12,8,NA
2011,11,8,4,7,-7,6,NA
2011,11,9,4,5,-11,3,NA
2011,11,10,12,8,-3,9,NA
2011,11,11,5,6,-1,9,NA
2011,11,12,1,5,-1,1,NA
2011,11,13,4,6,-5,6,NA
2011,11,14,0,1,-8,4,NA
2011,11,15,NA,-17,2,NA,NA
2011,11,16,-1,7,-13,7,NA
2011,11,17,NA,-12,8,NA,NA
2011,11,18,-13,8,-20,1,NA
2011,11,19,-19,6,-28,2,NA
2011,11,20,-15,2,-28,1,NA
2011,11,21,0,4,-24,4,NA
2011,11,22,5,8,-5,0,NA
2011,11,23,6,9,-4,1,NA
2011,11,24,1,2,-6,5,NA
2011,11,25,4,5,-8,2,NA
2011,11,26,4,4,-10,1,NA
2011,11,27,9,5,1,3,NA
2011,11,28,2,3,-5,5,NA
2011,11,29,6,3,-5,5,NA
2011,11,30,NA,-2,3,NA,0
2011,12,1,4,0,-8,4,NA
2011,12,2,6,2,-11,7,NA
2011,12,3,0,8,-10,6,NA
2011,12,4,-6,5,-12,4,NA
2011,12,5,2,6,-11,2,NA
2011,12,6,5,6,-2,5,NA
2011,12,7,-2,6,-15,8,NA
2011,12,8,-8,4,-19,8,NA
2011,12,9,5,4,-16,7,NA
2011,12,10,5,7,-6,5,NA
2011,12,11,-2,1,-6,4,NA
2011,12,12,-4,1,-9,8,NA
2011,12,13,-1,4,-13,5,NA
2011,12,14,-2,4,-13,0,NA
2011,12,15,-4,6,-14,7,NA
2011,12,16,4,2,-12,9,NA
2011,12,17,7,0,-6,4,NA
2011,12,18,0,9,-9,4,NA
2011,12,19,3,4,-11,0,NA
2011,12,20,5,7,0,6,NA
2011,12,21,0,0,-8,2,NA
2011,12,22,2,2,-7,8,NA
2011,12,23,5,3,-7,0,NA
2011,12,24,6,2,-1,2,NA
2011,12,25,6,8,-2,3,NA
2011,12,26,5,0,-8,7,NA
2011,12,27,5,7,-9,7,NA
2011,12,28,0,7,-11,1,NA
2011,12,29,NA,NA,NA,NA,<31
2011,12,30,4,2,-9,7,NA
2011,12,31,-2,7,-11,3,NA
2012,1,1,-2,1,-14,5,NA
2012,1,2,8,7,-9,6,NA
2012,1,3,NA,NA,NA,NA,<31
2012,1,4,12,7,-3,8,NA
2012,1,5,7,2,-2,4,NA
2012,1,6,2,4,-8,0,NA
2012,1,7,2,7,-7,6,NA
2012,1,8,9,2,-3,0,NA
2012,1,9,12,3,-2,0,NA
2012,1,10,2,3,-12,1,NA
2012,1,11,-4,1,-18,5,NA
2012,1,12,1,6,-9,9,NA
2012,1,13,2,0,-8,2,NA
2012,1,14,-2,6,-14,7,NA
2012,1,15,-6,0,-23,6,NA
2012,1,16,-23,0,-32,8,NA
2012,1,17,NA,NA,NA,NA,<31
2012,1,18,NA,NA,NA,NA,<31
2012,1,19,-17,4,-27,7,NA
2012,1,20,-15,7,-30,9,NA
2012,1,21,-12,5,-18,4,NA
2012,1,22,0,2,-14,2,NA
2012,1,23,1,5,-8,3,NA
2012,1,24,1,5,-8,5,NA
2012,1,25,5,4,-6,7,NA
2012,1,26,-3,0,-13,5,NA
2012,1,27,-1,1,-12,7,NA
2012,1,28,-1,9,-9,7,NA
2012,1,29,3,0,-8,5,NA
2012,1,30,5,6,-9,7,NA
2012,1,31,2,7,-6,1,NA
2012,2,1,2,5,-7,5,NA
2012,2,2,2,3,-10,9,NA
2012,2,3,6,2,-6,1,NA
2012,2,4,4,3,-7,6,NA
2012,2,5,2,8,-7,4,NA
2012,2,6,-4,4,-16,7,NA
2012,2,7,-3,2,-17,1,NA
2012,2,8,-2,7,-13,3,NA
2012,2,9,-8,4,-20,3,NA
2012,2,10,-12,2,-27,6,NA
2012,2,11,-6,5,-22,7,NA
2012,2,12,3,9,-14,5,NA
2012,2,13,4,6,-4,3,NA
2012,2,14,0,4,-10,3,NA
2012,2,15,2,4,-11,4,NA
2012,2,16,2,7,-12,1,NA
2012,2,17,5,2,-12,6,NA
2012,2,18,4,8,-9,1,NA
2012,2,19,2,7,-8,9,NA
2012,2,20,0,8,-11,0,NA
2012,2,21,6,7,-14,8,NA
2012,2,22,4,2,-5,5,NA
2012,2,23,0,9,-7,3,NA
2012,2,24,-3,8,-7,5,NA
2012,2,25,-7,0,-12,7,NA
2012,2,26,-9,8,-22,2,NA
2012,2,27,-7,4,-24,8,NA
2012,2,28,NA,NA,NA,NA,<31
2012,2,29,-8,8,-22,8,NA
2012,3,1,-9,3,-18,7,NA
2012,3,2,-1,3,-21,3,NA
2012,3,3,3,6,-5,1,NA
2012,3,4,3,7,-5,9,NA
2012,3,5,-1,3,-4,8,NA
2012,3,6,-4,3,-16,2,NA
2012,3,7,0,2,-13,0,NA
2012,3,8,1,9,-7,8,NA
2012,3,9,7,7,0,8,NA
2012,3,10,5,7,-2,9,NA
2012,3,11,4,6,-7,2,NA
2012,3,12,5,7,-3,3,NA
2012,3,13,9,8,-1,1,NA
2012,3,14,4,2,-6,1,NA
2012,3,15,9,2,-4,4,NA
2012,3,16,10,8,1,1,NA
2012,3,17,4,9,-4,1,NA
2012,3,18,2,9,-1,6,NA
2012,3,19,0,3,-4,3,NA
2012,3,20,2,4,-10,9,NA
2012,3,21,6,9,-6,4,NA
2012,3,22,0,9,-5,1,NA
2012,3,23,-3,3,-9,4,NA
2012,3,24,2,1,-12,3,NA
2012,3,25,4,0,-3,3,NA
2012,3,26,5,4,-4,6,NA
2012,3,27,2,9,0,4,NA
2012,3,28,7,3,-2,7,NA
2012,3,29,14,3,-1,5,NA
2012,3,30,14,1,0,3,NA
2012,3,31,12,7,-3,6,NA
2012,4,1,5,7,-4,7,NA
2012,4,2,11,9,-4,9,NA
2012,4,3,17,5,-2,8,NA
2012,4,4,13,7,1,4,NA
2012,4,5,6,0,-5,3,NA
2012,4,6,7,2,-6,2,NA
2012,4,7,8,7,-8,3,NA
2012,4,8,5,6,-7,1,NA
2012,4,9,8,5,-10,2,NA
2012,4,10,11,0,-7,0,NA
2012,4,11,17,2,0,4,NA
2012,4,12,13,8,0,0,NA
2012,4,13,7,3,0,0,NA
2012,4,14,2,4,-2,0,NA
2012,4,15,-2,1,-5,8,NA
2012,4,16,10,6,-3,5,NA
2012,4,17,6,2,-1,4,NA
2012,4,18,8,2,0,8,NA
2012,4,19,11,5,-2,4,NA
2012,4,20,14,4,0,7,NA
2012,4,21,15,2,-1,0,NA
2012,4,22,NA,0,7,NA,0
2012,4,23,NA,1,7,NA,0
2012,4,24,18,4,3,0,NA
2012,4,25,10,6,2,6,NA
2012,4,26,8,4,1,7,NA
2012,4,27,3,3,0,7,NA
2012,4,28,9,2,0,7,NA
2012,4,29,13,9,0,0,NA
2012,4,30,14,9,1,4,NA
2012,5,1,14,4,3,9,NA
2012,5,2,8,2,NA,NA,0
2012,5,3,12,6,3,1,NA
2012,5,4,17,2,5,5,NA
2012,5,5,8,1,4,3,NA
2012,5,6,14,3,1,0,NA
2012,5,7,19,5,0,6,NA
2012,5,8,23,6,6,8,NA
2012,5,9,16,9,4,9,NA
2012,5,10,9,3,0,1,NA
2012,5,11,15,7,0,2,NA
2012,5,12,20,8,1,2,NA
2012,5,13,NA,3,8,NA,0
2012,5,14,19,8,3,9,NA
2012,5,15,24,7,5,9,NA
2012,5,16,NA,NA,NA,NA,<31
2012,5,17,13,5,4,0,NA
2012,5,18,10,6,1,2,NA
2012,5,19,12,8,0,1,NA
2012,5,20,19,5,0,7,NA
2012,5,21,21,4,3,4,NA
2012,5,22,15,4,8,8,NA
2012,5,23,8,3,3,0,NA
2012,5,24,12,8,2,6,NA
2012,5,25,16,0,0,3,NA
2012,5,26,17,2,2,7,NA
2012,5,27,16,6,0,8,NA
2012,5,28,18,4,5,7,NA
2012,5,29,19,0,2,9,NA
2012,5,30,18,7,3,3,NA
2012,5,31,NA,NA,NA,NA,<31
2012,6,1,23,6,5,4,NA
2012,6,2,21,2,8,9,NA
2012,6,3,20,3,6,4,NA
2012,6,4,23,5,8,2,NA
2012,6,5,23,1,13,1,NA
2012,6,6,21,3,8,1,NA
2012,6,7,21,8,6,0,NA
2012,6,8,19,5,4,1,NA
2012,6,9,17,3,4,0,NA
2012,6,10,16,9,6,5,NA
2012,6,11,NA,5,2,NA,0
2012,6,12,NA,NA,NA,NA,<31
2012,6,13,NA,NA,NA,NA,<31
2012,6,14,20,3,9,1,NA
2012,6,15,17,0,8,5,NA
2012,6,16,21,8,6,9,NA
2012,6,17,21,1,10,9,NA
2012,6,18,19,7,7,5,NA
2012,6,19,16,9,8,7,NA
2012,6,20,20,1,8,1,NA
2012,6,21,NA,6,8,NA,0
2012,6,22,NA,9,9,NA,0
2012,6,23,24,4,12,5,NA
2012,6,24,24,2,13,1,NA
2012,6,25,NA,11,6,NA,0
2012,6,26,18,4,9,8,NA
2012,6,27,21,8,10,4,NA
2012,6,28,22,6,6,7,NA
2012,6,29,24,1,9,0,NA
2012,6,30,25,9,10,2,NA
2012,7,1,23,0,13,4,NA
2012,7,2,24,1,10,4,NA
2012,7,3,20,2,11,7,NA
2012,7,4,17,4,9,5,NA
2012,7,5,23,7,8,2,NA
2012,7,6,NA,7,9,NA,0
2012,7,7,NA,NA,NA,NA,<31
2012,7,8,NA,NA,NA,NA,<31
2012,7,9,NA,NA,NA,NA,<31
2012,7,10,NA,NA,NA,NA,<31
2012,7,11,NA,NA,NA,NA,<31
2012,7,12,NA,NA,NA,NA,<31
2012,7,13,NA,NA,NA,NA,<31
2012,7,14,27,8,11,8,NA
2012,7,15,18,8,16,9,NA
2012,7,16,22,4,14,6,NA
2012,7,17,23,8,10,0,NA
2012,7,18,NA,14,8,NA,0
2012,7,19,23,4,13,4,NA
2012,7,20,23,2,12,0,NA
2012,7,21,22,3,13,9,NA
2012,7,22,NA,12,3,NA,0
2012,7,23,26,1,9,8,NA
2012,7,24,16,8,6,9,NA
2012,7,25,23,1,11,3,NA
2012,7,26,22,8,13,1,NA
2012,7,27,NA,12,3,NA,0
2012,7,28,25,2,10,1,NA
2012,7,29,NA,10,6,NA,0
2012,7,30,NA,NA,NA,NA,<31
2012,7,31,24,9,9,3,NA
2012,8,1,24,5,11,8,NA
2012,8,2,19,3,9,2,NA
2012,8,3,20,1,8,1,NA
2012,8,4,NA,10,3,NA,0
2012,8,5,NA,NA,NA,NA,<31
2012,8,6,NA,16,4,NA,0
2012,8,7,NA,16,5,NA,0
2012,8,8,NA,NA,NA,NA,<31
2012,8,9,NA,11,6,NA,0
2012,8,10,27,1,11,4,NA
2012,8,11,22,3,9,9,NA
2012,8,12,24,2,6,4,NA
2012,8,13,26,2,8,2,NA
2012,8,14,19,7,10,1,NA
2012,8,15,18,2,6,5,NA
2012,8,16,24,0,6,1,NA
2012,8,17,NA,5,2,NA,0
2012,8,18,NA,7,4,NA,0
2012,8,19,NA,11,6,NA,0
2012,8,20,NA,6,5,NA,0
2012,8,21,NA,NA,NA,NA,<31
2012,8,22,24,3,11,1,NA
2012,8,23,NA,11,0,NA,0
2012,8,24,17,3,6,0,NA
2012,8,25,NA,6,7,NA,0
2012,8,26,NA,6,8,NA,0
2012,8,27,NA,9,7,NA,0
2012,8,28,NA,9,0,NA,0
2012,8,29,NA,11,3,NA,0
2012,8,30,23,3,6,9,NA
2012,8,31,NA,6,4,NA,0
2012,9,1,20,0,6,2,NA
2012,9,2,NA,6,4,NA,0
2012,9,3,18,9,5,3,NA
2012,9,4,NA,5,2,NA,0
2012,9,5,17,6,6,2,NA
2012,9,6,NA,4,3,NA,0
2012,9,7,25,5,7,6,NA
2012,9,8,NA,5,3,NA,0
2012,9,9,NA,7,5,NA,0
2012,9,10,NA,6,3,NA,0
2012,9,11,14,7,4,7,NA
2012,9,12,16,6,2,3,NA
2012,9,13,24,2,8,4,NA
2012,9,14,NA,7,4,NA,0
2012,9,15,19,4,2,1,NA
2012,9,16,16,0,0,0,NA
2012,9,17,22,5,2,3,NA
2012,9,18,21,9,6,0,NA
2012,9,19,21,7,2,0,NA
2012,9,20,22,9,3,1,NA
2012,9,21,NA,5,2,NA,0
2012,9,22,NA,6,0,NA,0
2012,9,23,NA,4,7,NA,0
2012,9,24,NA,5,8,NA,0
2012,9,25,NA,2,9,NA,0
2012,9,26,16,8,3,2,NA
2012,9,27,22,3,2,2,NA
2012,9,28,26,0,7,9,NA
2012,9,29,21,0,5,2,NA
2012,9,30,17,1,5,5,NA
2012,10,1,NA,NA,NA,NA,<31
2012,10,2,10,0,3,9,NA
2012,10,3,5,5,-4,8,NA
2012,10,4,8,9,-7,7,NA
2012,10,5,9,2,-4,2,NA
2012,10,6,13,2,0,4,NA
2012,10,7,17,1,0,7,NA
2012,10,8,8,2,-4,8,NA
2012,10,9,8,0,-6,9,NA
2012,10,10,4,9,-3,7,NA
2012,10,11,1,9,-8,2,NA
2012,10,12,7,8,-1,1,NA
2012,10,13,17,6,-2,7,NA
2012,10,14,15,7,-2,8,NA
2012,10,15,19,0,3,4,NA
2012,10,16,15,4,5,6,NA
2012,10,17,7,3,-5,1,NA
2012,10,18,12,0,-6,0,NA
2012,10,19,19,2,2,7,NA
2012,10,20,2,1,-1,2,NA
2012,10,21,-1,6,-10,0,NA
2012,10,22,-2,3,-10,5,NA
2012,10,23,-4,6,-7,8,NA
2012,10,24,-2,3,-5,7,NA
2012,10,25,-2,6,-5,3,NA
2012,10,26,-1,4,-8,0,NA
2012,10,27,-6,2,-9,0,NA
2012,10,28,-1,6,-7,7,NA
2012,10,29,-1,4,-6,9,NA
2012,10,30,-1,9,-8,0,NA
2012,10,31,-6,3,-12,5,NA
2012,11,1,-2,9,-7,0,NA
2012,11,2,-3,7,-5,8,NA
2012,11,3,-1,2,-4,0,NA
2012,11,4,4,4,-2,2,NA
2012,11,5,7,5,0,4,NA
2012,11,6,4,6,-3,6,NA
2012,11,7,0,8,-4,6,NA
2012,11,8,-4,0,-10,2,NA
2012,11,9,-9,2,-14,7,NA
2012,11,10,-14,1,-25,8,NA
2012,11,11,-11,2,-25,5,NA
2012,11,12,0,1,-12,4,NA
2012,11,13,0,8,-10,7,NA
2012,11,14,2,5,-7,5,NA
2012,11,15,3,1,-6,6,NA
2012,11,16,-3,9,-15,5,NA
2012,11,17,0,5,-14,7,NA
2012,11,18,3,0,-6,7,NA
2012,11,19,NA,NA,NA,NA,<31
2012,11,20,4,2,-13,9,NA
2012,11,21,-12,1,-13,0,NA
2012,11,22,-12,1,-20,5,NA
2012,11,23,-6,2,-17,6,NA
2012,11,24,-1,1,-14,0,NA
2012,11,25,NA,-18,1,NA,0
2012,11,26,-2,2,-10,3,NA
2012,11,27,NA,-12,8,NA,0
2012,11,28,-8,3,-16,2,NA
2012,11,29,-11,5,-15,7,NA
2012,11,30,-11,2,-14,8,NA
2012,12,1,-11,5,-14,0,NA
2012,12,2,-11,6,-13,7,NA
2012,12,3,-12,6,-23,9,NA
2012,12,4,0,2,-24,3,NA
2012,12,5,1,6,-11,9,NA
2012,12,6,-7,4,-17,4,NA
2012,12,7,-14,7,-21,1,NA
2012,12,8,-14,5,-27,0,NA
2012,12,9,-4,2,-30,2,NA
2012,12,10,-1,2,-12,0,NA
2012,12,11,1,6,-9,2,NA
2012,12,12,-8,2,-17,9,NA
2012,12,13,-6,7,-21,0,NA
2012,12,14,-2,2,-14,4,NA
2012,12,15,-7,2,-13,4,NA
2012,12,16,-2,7,-13,0,NA
2012,12,17,-9,1,-20,8,NA
2012,12,18,-11,6,-21,4,NA
2012,12,19,-12,4,-22,4,NA
2012,12,20,-6,8,-17,3,NA
2012,12,21,-14,6,-23,3,NA
2012,12,22,-16,3,-23,7,NA
2012,12,23,-18,5,-19,8,NA
2012,12,24,-20,9,-29,2,NA
2012,12,25,-20,9,-28,6,NA
2012,12,26,-20,8,-28,5,NA
2012,12,27,-16,9,-29,0,NA
2012,12,28,-2,9,-30,5,NA
2012,12,29,-2,2,-8,4,NA
2012,12,30,-3,6,-13,8,NA
2012,12,31,0,2,-14,5,NA
2013,1,1,1,4,-6,8,NA
2013,1,2,-2,3,-11,9,NA
2013,1,3,1,3,-10,5,NA
2013,1,4,-5,6,-14,8,NA
2013,1,5,-4,3,-11,1,NA
2013,1,6,0,6,-11,4,NA
2013,1,7,-2,2,-12,1,NA
2013,1,8,-1,3,-8,8,NA
2013,1,9,-3,8,-8,3,NA
2013,1,10,-8,4,-12,2,NA
2013,1,11,-17,5,-26,0,NA
2013,1,12,-10,7,-21,0,NA
2013,1,13,-11,4,-19,6,NA
2013,1,14,1,6,-22,3,NA
2013,1,15,5,9,1,7,NA
2013,1,16,5,6,-3,9,NA
2013,1,17,4,2,-4,4,NA
2013,1,18,6,0,-8,2,NA
2013,1,19,-8,3,-16,3,NA
2013,1,20,NA,-26,5,NA,NA
2013,1,21,0,0,0,0,0
2013,1,22,0,0,0,0,0
2013,1,23,0,0,0,0,0
2013,1,24,NA,NA,NA,NA,<31
2013,1,25,0,6,-12,4,NA
2013,1,26,-7,1,-15,1,NA
2013,1,27,-6,2,-17,7,NA
2013,1,28,-5,1,-19,5,NA
2013,1,29,-17,2,-27,5,NA
2013,1,30,-21,3,-27,2,NA
2013,1,31,-3,4,-25,4,NA
2013,2,1,2,4,-8,0,NA
2013,2,2,1,5,-8,3,NA
2013,2,3,2,1,-9,5,NA
2013,2,4,2,8,-8,8,NA
2013,2,5,-4,4,-11,1,NA
2013,2,6,-6,5,-13,9,NA
2013,2,7,-6,5,-15,0,NA
2013,2,8,0,6,-11,3,NA
2013,2,9,1,3,-5,9,NA
2013,2,10,-4,5,-13,2,NA
2013,2,11,1,7,-11,1,NA
2013,2,12,1,8,-7,6,NA
2013,2,13,2,9,-9,5,NA
2013,2,14,-3,0,-13,4,NA
2013,2,15,3,2,-10,5,NA
2013,2,16,1,8,-4,6,NA
2013,2,17,1,8,-5,0,NA
2013,2,18,-5,8,-14,0,NA
2013,2,19,-12,3,-17,8,NA
2013,2,20,-9,7,-15,8,NA
2013,2,21,-6,5,-11,2,NA
2013,2,22,-4,0,-18,2,NA
2013,2,23,0,8,-11,4,NA
2013,2,24,-1,5,-8,9,NA
2013,2,25,-2,0,-7,6,NA
2013,2,26,-1,0,-13,2,NA
2013,2,27,-4,0,-13,7,NA
2013,2,28,0,3,-14,5,NA
2013,3,1,7,5,-4,4,NA
2013,3,2,4,4,-6,3,NA
2013,3,3,0,6,-4,5,NA
2013,3,4,-2,5,-7,9,NA
2013,3,5,-4,5,-13,8,NA
2013,3,6,-7,7,-17,7,NA
2013,3,7,-8,2,-17,0,NA
2013,3,8,-7,1,-20,6,NA
2013,3,9,0,5,-11,1,NA
2013,3,10,3,1,-6,5,NA
2013,3,11,-1,4,-9,7,NA
2013,3,12,-2,2,-12,2,NA
2013,3,13,-3,9,-10,4,NA
2013,3,14,-7,0,-15,2,NA
2013,3,15,-7,8,-22,2,NA
2013,3,16,-13,5,-22,8,NA
2013,3,17,-13,7,-23,7,NA
2013,3,18,-11,4,-22,2,NA
2013,3,19,0,0,-21,8,NA
2013,3,20,-1,1,-12,6,NA
2013,3,21,-2,6,-13,0,NA
2013,3,22,-9,7,-16,9,NA
2013,3,23,-8,9,-17,1,NA
2013,3,24,NA,-19,4,NA,0
2013,3,25,-5,9,-18,0,NA
2013,3,26,1,7,-21,7,NA
2013,3,27,6,2,-13,6,NA
2013,3,28,4,5,-7,7,NA
2013,3,29,7,5,-6,4,NA
2013,3,30,7,9,-4,0,NA
2013,3,31,8,3,-5,5,NA
2013,4,1,3,1,-8,5,NA
2013,4,2,9,3,-5,0,NA
2013,4,3,3,7,-4,5,NA
2013,4,4,0,6,-6,9,NA
2013,4,5,1,5,-4,5,NA
2013,4,6,-1,0,-5,3,NA
2013,4,7,-2,2,-14,1,NA
2013,4,8,0,5,-19,0,NA
2013,4,9,-1,8,-18,0,NA
2013,4,10,3,8,-6,2,NA
2013,4,11,5,1,-2,2,NA
2013,4,12,5,6,-3,3,NA
2013,4,13,0,0,-2,5,NA
2013,4,14,0,3,-6,2,NA
2013,4,15,2,3,-7,4,NA
2013,4,16,4,2,-7,7,NA
2013,4,17,3,0,-6,9,NA
2013,4,18,6,4,-3,6,NA
2013,4,19,1,2,-2,8,NA
2013,4,20,3,8,-1,3,NA
2013,4,21,0,2,-7,8,NA
2013,4,22,8,1,-7,3,NA
2013,4,23,9,3,-5,8,NA
2013,4,24,12,8,-4,0,NA
2013,4,25,17,4,1,2,NA
2013,4,26,21,8,3,9,NA
2013,4,27,21,1,1,3,NA
2013,4,28,10,9,0,7,NA
2013,4,29,5,6,-1,2,NA
2013,4,30,-1,3,-6,7,NA
2013,5,1,8,6,-8,2,NA
2013,5,2,19,8,0,3,NA
2013,5,3,17,2,3,1,NA
2013,5,4,19,3,0,6,NA
2013,5,5,26,0,7,6,NA
2013,5,6,27,4,9,7,NA
2013,5,7,16,4,2,7,NA
2013,5,8,17,0,0,2,NA
2013,5,9,26,0,3,6,NA
2013,5,10,13,4,1,6,NA
2013,5,11,23,6,1,4,NA
2013,5,12,29,2,8,9,NA
2013,5,13,22,9,7,2,NA
2013,5,14,19,5,6,8,NA
2013,5,15,20,7,3,1,NA
2013,5,16,19,8,3,5,NA
2013,5,17,19,4,6,0,NA
2013,5,18,21,2,1,5,NA
2013,5,19,21,5,4,0,NA
2013,5,20,21,9,8,1,NA
2013,5,21,22,5,7,9,NA
2013,5,22,21,7,5,4,NA
2013,5,23,20,0,9,6,NA
2013,5,24,13,2,7,2,NA
2013,5,25,16,5,4,4,NA
2013,5,26,20,0,1,9,NA
2013,5,27,20,1,2,2,NA
2013,5,28,22,1,3,7,NA
2013,5,29,20,8,8,8,NA
2013,5,30,21,3,11,3,NA
2013,5,31,20,2,5,8,NA
2013,6,1,19,1,9,3,NA
2013,6,2,14,7,9,1,NA
2013,6,3,18,4,7,1,NA
2013,6,4,20,9,5,0,NA
2013,6,5,23,3,7,3,NA
2013,6,6,21,5,6,0,NA
2013,6,7,19,4,11,4,NA
2013,6,8,20,1,8,1,NA
2013,6,9,18,1,5,0,NA
2013,6,10,12,7,5,2,NA
2013,6,11,17,0,3,0,NA
2013,6,12,21,3,10,8,NA
2013,6,13,17,1,6,7,NA
2013,6,14,17,5,8,1,NA
2013,6,15,17,8,10,3,NA
2013,6,16,16,0,10,4,NA
2013,6,17,0,0,0,0,0
2013,6,18,NA,NA,NA,NA,<31
2013,6,19,19,5,13,6,NA
2013,6,20,15,6,12,1,NA
2013,6,21,14,2,10,1,NA
2013,6,22,17,3,8,0,NA
2013,6,23,20,4,7,1,NA
2013,6,24,23,8,6,2,NA
2013,6,25,22,8,11,4,NA
2013,6,26,25,3,9,4,NA
2013,6,27,24,1,9,8,NA
2013,6,28,27,7,10,0,NA
2013,6,29,28,4,12,3,NA
2013,6,30,25,5,15,3,NA
2013,7,1,28,2,11,1,NA
2013,7,2,32,5,16,4,NA
2013,7,3,NA,15,8,NA,0
2013,7,4,25,5,6,1,NA
2013,7,5,22,2,10,6,NA
2013,7,6,20,4,9,0,NA
2013,7,7,21,2,7,5,NA
2013,7,8,20,3,6,6,NA
2013,7,9,26,6,9,3,NA
2013,7,10,29,7,10,2,NA
2013,7,11,24,3,8,4,NA
2013,7,12,20,5,6,4,NA
2013,7,13,19,8,8,3,NA
2013,7,14,24,7,7,0,NA
2013,7,15,NA,11,2,NA,0
2013,7,16,23,9,7,6,NA
2013,7,17,26,0,6,3,NA
2013,7,18,26,3,14,3,NA
2013,7,19,24,8,11,3,NA
2013,7,20,26,4,11,8,NA
2013,7,21,20,9,11,1,NA
2013,7,22,19,3,9,6,NA
2013,7,23,23,9,11,6,NA
2013,7,24,23,4,11,4,NA
2013,7,25,21,4,5,3,NA
2013,7,26,23,6,10,1,NA
2013,7,27,18,5,8,3,NA
2013,7,28,20,5,7,9,NA
2013,7,29,18,0,7,8,NA
2013,7,30,19,4,4,0,NA
2013,7,31,23,4,7,6,NA
2013,8,1,26,2,6,4,NA
2013,8,2,24,2,9,8,NA
2013,8,3,25,0,6,7,NA
2013,8,4,26,2,5,9,NA
2013,8,5,22,5,12,7,NA
2013,8,6,22,7,10,5,NA
2013,8,7,22,0,9,7,NA
2013,8,8,19,7,11,4,NA
2013,8,9,21,2,7,4,NA
2013,8,10,25,1,7,3,NA
2013,8,11,30,2,12,2,NA
2013,8,12,19,5,12,8,NA
2013,8,13,25,8,8,3,NA
2013,8,14,29,9,10,2,NA
2013,8,15,32,2,13,8,NA
2013,8,16,26,5,11,1,NA
2013,8,17,28,7,9,0,NA
2013,8,18,26,3,12,2,NA
2013,8,19,24,5,8,5,NA
2013,8,20,20,7,7,1,NA
2013,8,21,24,2,4,4,NA
2013,8,22,NA,6,1,NA,NA
2013,8,23,25,8,NA,NA,0
2013,8,24,27,2,8,0,NA
2013,8,25,26,1,8,5,NA
2013,8,26,26,2,9,8,NA
2013,8,27,28,4,7,9,NA
2013,8,28,29,7,7,5,NA
2013,8,29,28,5,9,9,NA
2013,8,30,26,9,12,7,NA
2013,8,31,23,3,10,9,NA
2013,9,1,27,8,10,1,NA
2013,9,2,30,4,6,4,NA
2013,9,3,26,7,10,7,NA
2013,9,4,31,4,12,2,NA
2013,9,5,30,4,9,0,NA
2013,9,6,21,3,14,8,NA
2013,9,7,15,9,12,4,NA
2013,9,8,24,5,8,3,NA
2013,9,9,25,1,8,0,NA
2013,9,10,24,2,6,3,NA
2013,9,11,25,7,4,2,NA
2013,9,12,29,3,11,6,NA
2013,9,13,30,6,7,2,NA
2013,9,14,24,1,2,5,NA
2013,9,15,25,9,8,1,NA
2013,9,16,30,9,13,1,NA
2013,9,17,21,3,6,1,NA
2013,9,18,10,6,3,1,NA
2013,9,19,19,8,-2,8,NA
2013,9,20,22,5,3,8,NA
2013,9,21,27,3,3,2,NA
2013,9,22,22,0,4,1,NA
2013,9,23,20,9,3,0,NA
2013,9,24,16,8,1,1,NA
2013,9,25,15,5,-3,3,NA
2013,9,26,12,5,-1,7,NA
2013,9,27,16,8,-3,7,NA
2013,9,28,17,8,0,7,NA
2013,9,29,15,2,0,6,NA
2013,9,30,NA,0,9,NA,0
2013,10,1,11,6,1,6,NA
2013,10,2,5,5,1,5,NA
2013,10,3,5,7,-2,5,NA
2013,10,4,13,7,-4,8,NA
2013,10,5,18,9,1,4,NA
2013,10,6,17,2,1,1,NA
2013,10,7,20,1,1,0,NA
2013,10,8,12,4,2,2,NA
2013,10,9,12,1,-4,9,NA
2013,10,10,12,2,0,9,NA
2013,10,11,11,7,-4,6,NA
2013,10,12,10,8,-5,6,NA
2013,10,13,11,7,-1,9,NA
2013,10,14,12,5,-6,9,NA
2013,10,15,17,9,0,9,NA
2013,10,16,8,9,-2,5,NA
2013,10,17,8,9,0,1,NA
2013,10,18,15,2,0,3,NA
2013,10,19,15,4,1,3,NA
2013,10,20,13,2,0,9,NA
2013,10,21,16,5,5,0,NA
2013,10,22,16,2,5,9,NA
2013,10,23,9,4,-3,9,NA
2013,10,24,15,8,-5,3,NA
2013,10,25,10,8,-3,7,NA
2013,10,26,17,6,-2,6,NA
2013,10,27,6,8,-10,7,NA
2013,10,28,-4,4,-17,0,NA
2013,10,29,1,4,-9,3,NA
2013,10,30,7,8,-5,2,NA
2013,10,31,12,2,NA,NA,0
2013,11,1,11,5,-3,0,NA
2013,11,2,4,0,-7,8,NA
2013,11,3,0,1,-8,2,NA
2013,11,4,-8,0,-16,3,NA
2013,11,5,-6,8,-19,0,NA
2013,11,6,0,6,-11,5,NA
2013,11,7,0,1,-10,2,NA
2013,11,8,0,0,-4,0,NA
2013,11,9,-2,9,-11,2,NA
2013,11,10,-10,6,-17,1,NA
2013,11,11,-3,4,-14,8,NA
2013,11,12,5,9,-11,8,NA
2013,11,13,4,5,0,9,NA
2013,11,14,3,0,-1,6,NA
2013,11,15,3,4,-1,9,NA
2013,11,16,0,1,-11,9,NA
2013,11,17,-10,9,-25,0,NA
2013,11,18,-13,9,-22,2,NA
2013,11,19,-14,3,-22,2,NA
2013,11,20,-18,0,-25,9,NA
2013,11,21,-8,2,-18,5,NA
2013,11,22,-11,4,-16,7,NA
2013,11,23,1,3,-15,0,NA
2013,11,24,3,3,-6,6,NA
2013,11,25,-3,9,-8,4,NA
2013,11,26,-2,0,-8,4,NA
2013,11,27,-2,3,-12,3,NA
2013,11,28,-7,8,-10,2,NA
2013,11,29,2,4,-10,0,NA
2013,11,30,0,5,-8,7,NA
2013,12,1,-2,3,-9,0,NA
2013,12,2,-5,3,-10,0,NA
2013,12,3,-9,4,-19,6,NA
2013,12,4,-17,2,-28,8,NA
2013,12,5,-22,8,-28,8,NA
2013,12,6,NA,NA,NA,NA,<31
2013,12,7,NA,NA,NA,NA,<31
2013,12,8,-15,3,-26,0,NA
2013,12,9,-5,9,-17,8,NA
2013,12,10,-7,0,-25,4,NA
2013,12,11,-5,3,-20,8,NA
2013,12,12,-12,8,-20,5,NA
2013,12,13,-16,6,-20,7,NA
2013,12,14,-9,1,-18,7,NA
2013,12,15,3,5,-9,0,NA
2013,12,16,1,1,-7,4,NA
2013,12,17,4,9,-8,9,NA
2013,12,18,0,0,-20,3,NA
2013,12,19,-14,7,-27,2,NA
2013,12,20,-15,2,-21,6,NA
2013,12,21,-17,9,-26,0,NA
2013,12,22,-19,9,-30,3,NA
2013,12,23,3,0,-21,3,NA
2013,12,24,0,9,-4,6,NA
2013,12,25,3,1,-7,1,NA
2013,12,26,3,1,-4,7,NA
2013,12,27,2,2,-16,0,NA
2013,12,28,-16,2,-22,3,NA
2013,12,29,-11,3,-21,5,NA
2013,12,30,-16,5,-21,1,NA
2013,12,31,-17,7,-24,2,NA
2014,1,1,-13,8,-23,7,NA
2014,1,2,-3,1,-14,7,NA
2014,1,3,-1,8,-19,8,NA
2014,1,4,-17,3,-28,0,NA
2014,1,5,-24,7,-34,4,NA
2014,1,6,0,7,-24,7,NA
2014,1,7,-10,5,-16,4,NA
2014,1,8,-9,7,-16,0,NA
2014,1,9,-3,2,-16,9,NA
2014,1,10,-1,5,-11,4,NA
2014,1,11,4,8,-10,8,NA
2014,1,12,-2,4,-12,5,NA
2014,1,13,2,8,-6,0,NA
2014,1,14,3,9,-7,7,NA
2014,1,15,9,2,0,6,NA
2014,1,16,0,4,-5,7,NA
2014,1,17,4,4,-3,6,NA
2014,1,18,5,1,-3,7,NA
2014,1,19,3,5,-5,1,NA
2014,1,20,-1,9,-17,8,NA
2014,1,21,0,3,-12,2,NA
2014,1,22,-10,8,-17,2,NA
2014,1,23,3,8,-12,2,NA
2014,1,24,5,3,0,9,NA
2014,1,25,6,3,0,5,NA
2014,1,26,3,4,-20,7,NA
2014,1,27,-13,6,-24,1,NA
2014,1,28,0,5,-18,6,NA
2014,1,29,-4,1,-15,8,NA
2014,1,30,-15,5,-22,8,NA
2014,1,31,-10,7,-18,7,NA
2014,2,1,-9,9,-15,5,NA
2014,2,2,-10,0,-14,4,NA
2014,2,3,-14,3,-23,9,NA
2014,2,4,-18,9,-23,2,NA
2014,2,5,-20,1,-28,5,NA
2014,2,6,-15,2,-26,9,NA
2014,2,7,-15,2,-26,8,NA
2014,2,8,-17,3,-30,1,NA
2014,2,9,-22,5,-33,2,NA
2014,2,10,-16,9,-32,7,NA
2014,2,11,-17,2,-24,9,NA
2014,2,12,-15,3,-22,0,NA
2014,2,13,-11,0,-19,2,NA
2014,2,14,-7,2,-15,4,NA
2014,2,15,-7,1,-17,2,NA
2014,2,16,0,7,-9,3,NA
2014,2,17,2,4,-6,3,NA
2014,2,18,0,2,-9,6,NA
2014,2,19,-2,1,-11,7,NA
2014,2,20,-7,3,-19,6,NA
2014,2,21,-10,3,-18,2,NA
2014,2,22,-16,8,-26,8,NA
2014,2,23,-21,7,-32,0,NA
2014,2,24,-16,8,-30,7,NA
2014,2,25,-13,9,-31,5,NA
2014,2,26,-6,0,-21,6,NA
2014,2,27,-9,1,-22,0,NA
2014,2,28,-18,5,-34,3,NA
2014,3,1,-21,7,-38,9,NA
2014,3,2,-23,8,-38,4,NA
2014,3,3,-18,0,-24,3,NA
2014,3,4,-13,5,-22,1,NA
2014,3,5,-11,4,-22,0,NA
2014,3,6,-14,1,-18,2,NA
2014,3,7,-10,9,-18,7,NA
2014,3,8,6,7,-14,8,NA
2014,3,9,7,5,-2,6,NA
2014,3,10,4,3,-2,0,NA
2014,3,11,3,3,-3,2,NA
2014,3,12,6,2,0,1,NA
2014,3,13,3,9,-3,3,NA
2014,3,14,2,3,-6,1,NA
2014,3,15,6,7,-5,8,NA
2014,3,16,7,5,0,8,NA
2014,3,17,5,3,-4,6,NA
2014,3,18,5,2,-3,0,NA
2014,3,19,5,9,-5,3,NA
2014,3,20,1,9,-10,5,NA
2014,3,21,-10,4,-16,6,NA
2014,3,22,-8,3,-19,8,NA
2014,3,23,-5,3,-18,7,NA
2014,3,24,-6,5,-15,8,NA
2014,3,25,-2,3,-14,2,NA
2014,3,26,-4,8,-10,5,NA
2014,3,27,-2,6,-17,9,NA
2014,3,28,-4,1,-19,6,NA
2014,3,29,-2,0,-8,2,NA
2014,3,30,-6,5,-16,6,NA
2014,3,31,-8,7,-16,5,NA
2014,4,1,1,9,-13,7,NA
2014,4,2,0,4,-14,0,NA
2014,4,3,0,3,-17,5,NA
2014,4,4,7,6,-4,8,NA
2014,4,5,7,5,-4,5,NA
2014,4,6,8,8,-2,2,NA
2014,4,7,12,3,-2,2,NA
2014,4,8,18,3,1,1,NA
2014,4,9,9,8,0,6,NA
2014,4,10,11,7,-2,6,NA
2014,4,11,13,1,-2,5,NA
2014,4,12,1,0,-6,8,NA
2014,4,13,1,9,-7,8,NA
2014,4,14,12,4,-7,3,NA
2014,4,15,7,6,-3,1,NA
2014,4,16,0,1,-4,4,NA
2014,4,17,1,6,-3,8,NA
2014,4,18,4,8,0,2,NA
2014,4,19,13,4,0,3,NA
2014,4,20,12,9,0,9,NA
2014,4,21,17,3,0,4,NA
2014,4,22,21,7,3,5,NA
2014,4,23,13,6,3,4,NA
2014,4,24,9,4,0,3,NA
2014,4,25,7,6,-1,0,NA
2014,4,26,4,2,-4,2,NA
2014,4,27,6,9,-2,5,NA
2014,4,28,12,2,-4,8,NA
2014,4,29,16,5,0,0,NA
2014,4,30,21,0,-1,9,NA
2014,5,1,19,1,7,4,NA
2014,5,2,10,6,0,4,NA
2014,5,3,4,3,-2,8,NA
2014,5,4,4,6,-2,1,NA
2014,5,5,9,2,0,4,NA
2014,5,6,4,8,-5,6,NA
2014,5,7,8,6,-7,7,NA
2014,5,8,16,0,-2,8,NA
2014,5,9,12,9,0,7,NA
2014,5,10,10,0,-3,1,NA
2014,5,11,13,7,-4,4,NA
2014,5,12,16,7,0,2,NA
2014,5,13,16,7,0,8,NA
2014,5,14,22,1,3,0,NA
2014,5,15,18,4,5,0,NA
2014,5,16,12,4,3,8,NA
2014,5,17,18,6,-1,8,NA
2014,5,18,12,4,5,9,NA
2014,5,19,13,5,6,8,NA
2014,5,20,19,4,4,1,NA
2014,5,21,24,1,8,4,NA
2014,5,22,26,5,9,0,NA
2014,5,23,26,2,8,1,NA
2014,5,24,21,5,11,3,NA
2014,5,25,20,6,10,7,NA
2014,5,26,20,2,7,9,NA
2014,5,27,17,6,6,9,NA
2014,5,28,12,2,1,1,NA
2014,5,29,14,0,6,2,NA
2014,5,30,21,6,5,7,NA
2014,5,31,23,3,4,1,NA
2014,6,1,20,9,6,8,NA
2014,6,2,23,6,6,0,NA
2014,6,3,21,8,9,7,NA
2014,6,4,22,2,9,7,NA
2014,6,5,11,0,5,2,NA
2014,6,6,16,0,0,2,NA
2014,6,7,18,7,3,3,NA
2014,6,8,21,9,3,6,NA
2014,6,9,16,0,6,3,NA
2014,6,10,15,7,4,3,NA
2014,6,11,18,3,7,8,NA
2014,6,12,22,5,3,1,NA
2014,6,13,19,2,9,2,NA
2014,6,14,20,6,6,7,NA
2014,6,15,18,5,2,7,NA
2014,6,16,17,8,2,2,NA
2014,6,17,19,9,1,7,NA
2014,6,18,14,0,12,1,NA
2014,6,19,19,7,11,5,NA
2014,6,20,23,3,6,1,NA
2014,6,21,19,3,9,4,NA
2014,6,22,22,5,5,1,NA
2014,6,23,22,6,8,8,NA
2014,6,24,24,8,10,7,NA
2014,6,25,19,9,10,4,NA
2014,6,26,22,6,7,1,NA
2014,6,27,23,5,10,8,NA
2014,6,28,22,1,9,6,NA
2014,6,29,15,2,12,0,NA
2014,6,30,22,1,12,4,NA
2014,7,1,25,2,10,8,NA
2014,7,2,27,0,11,4,NA
2014,7,3,28,1,15,8,NA
2014,7,4,24,5,14,6,NA
2014,7,5,21,8,13,8,NA
2014,7,6,23,2,12,7,NA
2014,7,7,23,0,11,4,NA
2014,7,8,27,6,11,5,NA
2014,7,9,30,5,13,2,NA
2014,7,10,21,9,9,5,NA
2014,7,11,22,5,9,8,NA
2014,7,12,26,5,11,9,NA
2014,7,13,25,3,10,9,NA
2014,7,14,26,0,7,8,NA
2014,7,15,28,8,9,1,NA
2014,7,16,32,0,11,5,NA
2014,7,17,23,4,12,9,NA
2014,7,18,22,1,10,1,NA
2014,7,19,21,4,14,7,NA
2014,7,20,19,8,9,6,NA
2014,7,21,22,2,6,3,NA
2014,7,22,25,3,7,3,NA
2014,7,23,24,1,13,6,NA
2014,7,24,25,1,13,3,NA
2014,7,25,NA,10,1,NA,NA
2014,7,26,NA,NA,NA,NA,<31
2014,7,27,25,5,5,7,NA
2014,7,28,28,2,10,5,NA
2014,7,29,31,7,13,5,NA
2014,7,30,30,9,10,9,NA
2014,7,31,27,0,13,4,NA
2014,8,1,24,2,14,3,NA
2014,8,2,25,5,12,9,NA
2014,8,3,28,0,13,6,NA
2014,8,4,24,3,14,6,NA
2014,8,5,23,5,11,6,NA
2014,8,6,28,3,10,6,NA
2014,8,7,24,4,12,6,NA
2014,8,8,22,5,10,6,NA
2014,8,9,22,3,7,0,NA
2014,8,10,25,8,9,6,NA
2014,8,11,28,8,11,4,NA
2014,8,12,29,3,11,6,NA
2014,8,13,30,8,16,7,NA
2014,8,14,29,5,15,4,NA
2014,8,15,25,1,13,3,NA
2014,8,16,21,6,14,2,NA
2014,8,17,26,3,13,0,NA
2014,8,18,29,2,11,2,NA
2014,8,19,21,5,15,4,NA
2014,8,20,18,9,9,3,NA
2014,8,21,15,7,5,7,NA
2014,8,22,16,7,7,3,NA
2014,8,23,15,5,4,0,NA
2014,8,24,19,2,3,4,NA
2014,8,25,21,8,0,3,NA
2014,8,26,26,8,7,1,NA
2014,8,27,27,9,11,5,NA
2014,8,28,17,2,8,7,NA
2014,8,29,20,9,4,6,NA
2014,8,30,19,9,7,7,NA
2014,8,31,19,3,4,9,NA
2014,9,1,19,2,5,2,NA
2014,9,2,17,1,4,0,NA
2014,9,3,17,1,5,2,NA
2014,9,4,19,9,2,0,NA
2014,9,5,22,1,4,1,NA
2014,9,6,25,3,6,1,NA
2014,9,7,25,0,7,0,NA
2014,9,8,10,0,0,1,NA
2014,9,9,4,8,1,9,NA
2014,9,10,5,4,-1,9,NA
2014,9,11,11,1,-1,8,NA
2014,9,12,11,8,0,1,NA
2014,9,13,14,1,2,4,NA
2014,9,14,18,6,2,6,NA
2014,9,15,23,4,5,5,NA
2014,9,16,26,2,3,8,NA
2014,9,17,26,1,5,0,NA
2014,9,18,19,1,8,9,NA
2014,9,19,22,8,6,5,NA
2014,9,20,19,6,5,6,NA
2014,9,21,26,1,9,7,NA
2014,9,22,29,9,7,8,NA
2014,9,23,20,7,7,3,NA
2014,9,24,24,1,8,1,NA
2014,9,25,24,0,8,3,NA
2014,9,26,13,7,3,5,NA
2014,9,27,6,6,1,0,NA
2014,9,28,13,5,-1,1,NA
2014,9,29,18,1,4,3,NA
2014,9,30,12,4,6,4,NA
2014,10,1,15,6,1,7,NA
2014,10,2,4,5,-5,7,NA
2014,10,3,9,0,-7,6,NA
2014,10,4,19,3,3,3,NA
2014,10,5,18,2,4,6,NA
2014,10,6,17,7,3,6,NA
2014,10,7,13,9,0,4,NA
2014,10,8,14,7,3,3,NA
2014,10,9,17,6,-1,9,NA
2014,10,10,20,3,1,1,NA
2014,10,11,17,3,4,8,NA
2014,10,12,15,7,2,0,NA
2014,10,13,18,3,-2,1,NA
2014,10,14,20,0,2,5,NA
2014,10,15,7,5,0,8,NA
2014,10,16,12,4,-1,7,NA
2014,10,17,15,9,0,0,NA
2014,10,18,20,2,4,5,NA
2014,10,19,20,8,1,4,NA
2014,10,20,24,3,5,1,NA
2014,10,21,13,0,4,0,NA
2014,10,22,17,0,-1,8,NA
2014,10,23,19,1,0,9,NA
2014,10,24,11,2,-1,7,NA
2014,10,25,9,4,-6,7,NA
2014,10,26,6,1,-1,5,NA
2014,10,27,0,6,-1,3,NA
2014,10,28,4,2,-4,1,NA
2014,10,29,0,6,-6,9,NA
2014,10,30,1,3,-1,1,NA
2014,10,31,13,3,0,5,NA
2014,11,1,6,5,0,4,NA
2014,11,2,3,3,0,7,NA
2014,11,3,6,9,-4,5,NA
2014,11,4,3,8,-3,1,NA
2014,11,5,8,1,-2,6,NA
2014,11,6,6,8,0,2,NA
2014,11,7,5,7,-2,5,NA
2014,11,8,2,4,-8,3,NA
2014,11,9,-8,8,-11,1,NA
2014,11,10,-10,7,-16,6,NA
2014,11,11,-12,3,-14,4,NA
2014,11,12,-9,8,-20,2,NA
2014,11,13,-10,1,-22,5,NA
2014,11,14,-14,0,-22,5,NA
2014,11,15,-1,4,-16,7,NA
2014,11,16,-7,4,-13,3,NA
2014,11,17,-2,6,-21,9,NA
2014,11,18,1,1,-6,8,NA
2014,11,19,-3,8,-8,2,NA
2014,11,20,2,8,-7,1,NA
2014,11,21,7,3,-3,7,NA
2014,11,22,0,7,-7,2,NA
2014,11,23,-3,4,-10,2,NA
2014,11,24,1,8,-8,2,NA
2014,11,25,-1,9,-10,4,NA
2014,11,26,-4,9,-10,9,NA
2014,11,27,-5,4,-14,7,NA
2014,11,28,-14,0,-23,7,NA
2014,11,29,-22,7,-29,0,NA
2014,11,30,-19,1,-28,9,NA
2014,12,1,-9,7,-21,4,NA
2014,12,2,-7,2,-17,5,NA
2014,12,3,-5,6,-11,6,NA
2014,12,4,-4,9,-11,3,NA
2014,12,5,-9,8,-16,0,NA
2014,12,6,-5,2,-13,5,NA
2014,12,7,1,9,-15,7,NA
2014,12,8,0,6,-16,8,NA
2014,12,9,7,8,-2,8,NA
2014,12,10,9,4,2,0,NA
2014,12,11,10,6,1,8,NA
2014,12,12,9,0,-1,7,NA
2014,12,13,0,3,-4,0,NA
2014,12,14,0,6,-12,6,NA
2014,12,15,-6,3,-13,9,NA
2014,12,16,-6,7,-11,9,NA
2014,12,17,-6,3,-8,4,NA
2014,12,18,-6,5,-15,9,NA
2014,12,19,-6,4,-14,5,NA
2014,12,20,1,0,-8,0,NA
2014,12,21,-2,4,-9,0,NA
2014,12,22,2,0,-6,0,NA
2014,12,23,0,4,-6,5,NA
2014,12,24,0,5,-7,7,NA
2014,12,25,-7,9,-13,9,NA
2014,12,26,-3,1,-16,9,NA
2014,12,27,-3,6,-10,1,NA
2014,12,28,-10,5,-16,6,NA
2014,12,29,-16,6,-25,1,NA
2014,12,30,-4,4,-24,4,NA
2014,12,31,1,6,-7,9,NA
2015,1,1,2,4,-7,3,NA
2015,1,2,-7,0,-20,8,NA
2015,1,3,-19,7,-31,5,NA
2015,1,4,-23,8,-33,8,NA
2015,1,5,-19,8,-26,2,NA
2015,1,6,-17,1,-27,5,NA
2015,1,7,-6,7,-28,4,NA
2015,1,8,-12,3,-25,7,NA
2015,1,9,-13,4,-29,4,NA
2015,1,10,-15,2,-20,8,NA
2015,1,11,-14,2,-23,0,NA
2015,1,12,-9,6,-18,9,NA
2015,1,13,0,8,-14,7,NA
2015,1,14,4,9,-1,9,NA
2015,1,15,0,1,-6,2,NA
2015,1,16,3,1,-10,5,NA
2015,1,17,1,0,-4,8,NA
2015,1,18,-1,0,-7,1,NA
2015,1,19,4,4,-5,4,NA
2015,1,20,1,2,-8,8,NA
2015,1,21,2,4,-9,5,NA
2015,1,22,8,7,0,3,NA
2015,1,23,6,4,-1,4,NA
2015,1,24,6,9,-1,9,NA
2015,1,25,12,3,-1,6,NA
2015,1,26,6,7,-2,9,NA
2015,1,27,4,9,-3,8,NA
2015,1,28,1,0,-6,9,NA
2015,1,29,-1,3,-9,3,NA
2015,1,30,-1,3,-11,2,NA
2015,1,31,-11,1,-21,5,NA
2015,2,1,-10,5,-22,3,NA
2015,2,2,-14,1,-18,5,NA
2015,2,3,-13,6,-25,8,NA
2015,2,4,-3,8,-26,1,NA
2015,2,5,-8,2,-15,0,NA
2015,2,6,-14,9,-17,1,NA
2015,2,7,-13,3,-19,5,NA
2015,2,8,-14,5,-19,2,NA
2015,2,9,-14,2,-19,0,NA
2015,2,10,-10,7,-18,6,NA
2015,2,11,-12,5,-16,4,NA
2015,2,12,3,6,-12,5,NA
2015,2,13,3,4,-8,7,NA
2015,2,14,-5,5,-13,5,NA
2015,2,15,2,3,-6,1,NA
2015,2,16,0,4,-18,2,NA
2015,2,17,-8,9,-24,5,NA
2015,2,18,4,5,-8,2,NA
2015,2,19,5,8,0,8,NA
2015,2,20,1,9,-10,2,NA
2015,2,21,-9,7,-23,5,NA
2015,2,22,-4,5,-22,5,NA
2015,2,23,5,0,-5,2,NA
2015,2,24,6,1,-8,0,NA
2015,2,25,-8,0,-22,1,NA
2015,2,26,-11,3,-23,4,NA
2015,2,27,-10,8,-17,1,NA
2015,2,28,-4,8,-17,1,NA
2015,3,1,-4,1,-14,3,NA
2015,3,2,-2,9,-15,4,NA
2015,3,3,-12,0,-21,7,NA
2015,3,4,-7,2,-25,5,NA
2015,3,5,4,3,-9,5,NA
2015,3,6,5,9,-1,3,NA
2015,3,7,4,8,-2,4,NA
2015,3,8,8,4,0,0,NA
2015,3,9,9,9,0,0,NA
2015,3,10,6,6,-1,5,NA
2015,3,11,4,8,-1,5,NA
2015,3,12,12,6,-2,0,NA
2015,3,13,14,8,0,7,NA
2015,3,14,16,0,1,8,NA
2015,3,15,8,3,-2,1,NA
2015,3,16,4,5,-5,5,NA
2015,3,17,7,3,-5,9,NA
2015,3,18,9,3,-4,5,NA
2015,3,19,10,8,-3,7,NA
2015,3,20,0,2,-2,3,NA
2015,3,21,-1,8,-6,1,NA
2015,3,22,-2,5,-14,5,NA
2015,3,23,-3,2,-15,4,NA
2015,3,24,0,6,-9,2,NA
2015,3,25,7,2,-10,5,NA
2015,3,26,11,3,-6,5,NA
2015,3,27,17,6,1,4,NA
2015,3,28,9,0,-1,8,NA
2015,3,29,17,0,0,5,NA
2015,3,30,14,1,0,3,NA
2015,3,31,21,4,-1,1,NA
2015,4,1,4,4,-1,5,NA
2015,4,2,5,6,-4,8,NA
2015,4,3,8,2,-5,4,NA
2015,4,4,2,7,-4,8,NA
2015,4,5,5,0,-8,5,NA
2015,4,6,4,3,-7,4,NA
2015,4,7,7,8,-2,5,NA
2015,4,8,12,7,-4,9,NA
2015,4,9,17,3,0,2,NA
2015,4,10,18,8,-1,5,NA
2015,4,11,16,0,-1,1,NA
2015,4,12,9,8,-4,7,NA
2015,4,13,12,6,-3,4,NA
2015,4,14,10,3,0,3,NA
2015,4,15,12,7,0,6,NA
2015,4,16,19,0,-1,7,NA
2015,4,17,18,5,-3,8,NA
2015,4,18,11,4,-2,3,NA
2015,4,19,13,0,-4,3,NA
2015,4,20,18,1,-1,2,NA
2015,4,21,19,2,-1,0,NA
2015,4,22,20,7,3,9,NA
2015,4,23,13,1,0,3,NA
2015,4,24,10,2,-4,1,NA
2015,4,25,2,2,-1,3,NA
2015,4,26,9,5,-2,8,NA
2015,4,27,18,8,-1,7,NA
2015,4,28,26,3,4,6,NA
2015,4,29,15,9,2,4,NA
2015,4,30,17,3,0,8,NA
2015,5,1,19,0,0,1,NA
2015,5,2,13,0,-1,9,NA
2015,5,3,12,7,-3,9,NA
2015,5,4,20,7,-1,6,NA
2015,5,5,21,7,4,0,NA
2015,5,6,7,2,0,9,NA
2015,5,7,11,3,-1,1,NA
2015,5,8,11,1,-3,9,NA
2015,5,9,18,7,0,8,NA
2015,5,10,14,4,-2,8,NA
2015,5,11,13,5,-4,5,NA
2015,5,12,15,9,-3,4,NA
2015,5,13,15,4,-1,9,NA
2015,5,14,16,9,-2,5,NA
2015,5,15,19,0,3,1,NA
2015,5,16,12,8,2,6,NA
2015,5,17,12,9,-6,1,NA
2015,5,18,16,7,-4,3,NA
2015,5,19,19,8,-1,1,NA
2015,5,20,22,1,0,3,NA
2015,5,21,23,8,4,9,NA
2015,5,22,26,0,3,5,NA
2015,5,23,27,3,1,6,NA
2015,5,24,25,5,7,5,NA
2015,5,25,26,3,6,2,NA
2015,5,26,26,8,5,9,NA
2015,5,27,24,7,8,4,NA
2015,5,28,14,4,3,0,NA
2015,5,29,15,7,0,5,NA
2015,5,30,20,5,5,0,NA
2015,5,31,24,9,7,4,NA
2015,6,1,23,3,3,6,NA
2015,6,2,18,2,8,2,NA
2015,6,3,20,9,9,1,NA
2015,6,4,21,6,5,7,NA
2015,6,5,23,3,10,7,NA
2015,6,6,25,9,10,1,NA
2015,6,7,27,1,9,3,NA
2015,6,8,30,0,10,1,NA
2015,6,9,24,6,NA,NA,4
2015,6,10,21,7,5,5,NA
2015,6,11,28,2,11,8,NA
2015,6,12,15,9,8,1,NA
2015,6,13,14,5,3,0,NA
2015,6,14,10,5,7,8,NA
2015,6,15,19,5,3,5,NA
2015,6,16,25,6,6,2,NA
2015,6,17,18,1,5,7,NA
2015,6,18,19,2,2,0,NA
2015,6,19,22,6,6,8,NA
2015,6,20,20,0,6,2,NA
2015,6,21,19,5,4,9,NA
2015,6,22,24,7,5,3,NA
2015,6,23,24,1,7,8,NA
2015,6,24,26,9,7,3,NA
2015,6,25,27,7,9,8,NA
2015,6,26,29,0,13,1,NA
2015,6,27,31,3,12,0,NA
2015,6,28,32,6,14,6,NA
2015,6,29,21,3,11,5,NA
2015,6,30,22,6,14,8,NA
2015,7,1,22,5,15,8,NA
2015,7,2,29,1,12,7,NA
2015,7,3,32,2,13,6,NA
2015,7,4,21,9,9,9,NA
2015,7,5,15,8,6,9,NA
2015,7,6,24,1,4,5,NA
2015,7,7,19,3,8,1,NA
2015,7,8,30,0,7,5,NA
2015,7,9,34,4,13,9,NA
2015,7,10,32,4,12,7,NA
2015,7,11,33,9,15,5,NA
2015,7,12,28,4,11,1,NA
2015,7,13,23,5,12,0,NA
2015,7,14,26,0,10,3,NA
2015,7,15,26,1,10,2,NA
2015,7,16,18,3,9,0,NA
2015,7,17,17,8,9,9,NA
2015,7,18,25,5,11,5,NA
2015,7,19,23,9,13,6,NA
2015,7,20,27,0,11,4,NA
2015,7,21,26,2,10,4,NA
2015,7,22,19,0,9,3,NA
2015,7,23,24,7,7,9,NA
2015,7,24,26,4,6,5,NA
2015,7,25,24,0,10,3,NA
2015,7,26,22,2,8,3,NA
2015,7,27,19,5,10,9,NA
2015,7,28,22,3,9,7,NA
2015,7,29,23,8,9,5,NA
2015,7,30,24,6,8,6,NA
2015,7,31,31,0,8,5,NA
2015,8,1,23,5,9,3,NA
2015,8,2,25,7,10,1,NA
2015,8,3,32,3,12,5,NA
2015,8,4,21,9,14,3,NA
2015,8,5,21,8,10,2,NA
2015,8,6,15,5,9,6,NA
2015,8,7,22,2,10,3,NA
2015,8,8,27,1,8,8,NA
2015,8,9,30,3,10,5,NA
2015,8,10,27,9,11,8,NA
2015,8,11,31,0,13,2,NA
2015,8,12,31,7,12,3,NA
2015,8,13,34,0,11,5,NA
2015,8,14,24,0,12,5,NA
2015,8,15,13,9,9,5,NA
2015,8,16,17,4,7,3,NA
2015,8,17,21,3,5,2,NA
2015,8,18,20,5,8,6,NA
2015,8,19,26,6,8,7,NA
2015,8,20,21,5,9,3,NA
2015,8,21,13,9,7,9,NA
2015,8,22,16,6,3,2,NA
2015,8,23,23,0,2,9,NA
2015,8,24,24,6,7,3,NA
2015,8,25,25,8,5,6,NA
2015,8,26,23,1,7,4,NA
2015,8,27,25,0,6,8,NA
2015,8,28,25,6,10,1,NA
2015,8,29,25,0,11,5,NA
2015,8,30,24,8,11,1,NA
2015,8,31,23,2,7,2,NA
2015,9,1,22,4,9,1,NA
2015,9,2,24,1,4,3,NA
2015,9,3,17,8,2,1,NA
2015,9,4,12,8,3,3,NA
2015,9,5,10,2,3,8,NA
2015,9,6,7,6,5,4,NA
2015,9,7,13,1,4,9,NA
2015,9,8,18,1,4,1,NA
2015,9,9,17,5,3,7,NA
2015,9,10,21,0,6,6,NA
2015,9,11,25,8,9,8,NA
2015,9,12,28,5,10,4,NA
2015,9,13,16,4,9,9,NA
2015,9,14,10,6,6,4,NA
2015,9,15,11,9,5,7,NA
2015,9,16,10,1,0,2,NA
2015,9,17,16,9,-1,9,NA
2015,9,18,19,5,2,2,NA
2015,9,19,21,5,4,9,NA
2015,9,20,16,5,4,4,NA
2015,9,21,12,6,0,7,NA
2015,9,22,14,7,0,6,NA
2015,9,23,20,3,0,8,NA
2015,9,24,20,7,2,4,NA
2015,9,25,18,1,4,2,NA
2015,9,26,13,8,1,4,NA
2015,9,27,13,0,0,3,NA
2015,9,28,15,2,-1,7,NA
2015,9,29,19,5,0,7,NA
2015,9,30,23,2,5,3,NA
2015,10,1,23,3,3,6,NA
2015,10,2,18,7,5,2,NA
2015,10,3,7,6,1,5,NA
2015,10,4,1,5,-6,3,NA
2015,10,5,10,8,-6,3,NA
2015,10,6,14,7,-3,6,NA
2015,10,7,18,0,0,2,NA
2015,10,8,20,3,0,5,NA
2015,10,9,21,3,8,8,NA
2015,10,10,25,8,11,4,NA
2015,10,11,13,3,1,6,NA
2015,10,12,17,4,0,5,NA
2015,10,13,16,7,0,8,NA
2015,10,14,13,3,-1,1,NA
2015,10,15,12,9,-2,1,NA
2015,10,16,15,2,0,3,NA
2015,10,17,18,6,0,1,NA
2015,10,18,16,6,1,2,NA
2015,10,19,14,9,1,0,NA
2015,10,20,11,7,0,9,NA
2015,10,21,17,4,0,7,NA
2015,10,22,12,9,3,0,NA
2015,10,23,12,8,-2,4,NA
2015,10,24,8,8,-2,2,NA
2015,10,25,9,6,-4,6,NA
2015,10,26,10,9,-2,0,NA
2015,10,27,3,0,-5,1,NA
2015,10,28,6,8,-7,6,NA
2015,10,29,8,6,-5,8,NA
2015,10,30,8,4,-2,1,NA
2015,10,31,9,3,-1,8,NA
2015,11,1,3,7,-5,7,NA
2015,11,2,5,8,-3,4,NA
2015,11,3,3,7,-1,1,NA
2015,11,4,4,1,-6,1,NA
2015,11,5,3,0,-4,9,NA
2015,11,6,7,1,-4,4,NA
2015,11,7,12,3,-3,4,NA
2015,11,8,6,2,-6,1,NA
2015,11,9,0,7,-2,9,NA
2015,11,10,4,4,-4,3,NA
2015,11,11,5,2,-4,2,NA
2015,11,12,NA,-8,0,NA,23
2015,11,13,10,9,0,4,NA
2015,11,14,5,8,0,8,NA
2015,11,15,5,1,-5,2,NA
2015,11,16,1,8,-8,3,NA
2015,11,17,6,1,-3,4,NA
2015,11,18,0,2,-13,7,NA
2015,11,19,NA,-13,6,NA,32
2015,11,20,-4,6,NA,NA,25
2015,11,21,NA,NA,NA,NA,44
2015,11,22,6,3,NA,NA,32
2015,11,23,NA,NA,NA,NA,48
2015,11,24,-5,0,NA,NA,33
2015,11,25,-10,2,-18,6,NA
2015,11,26,-4,1,-18,5,NA
2015,11,27,2,7,-8,0,NA
2015,11,28,0,8,-11,3,NA
2015,11,29,1,5,-11,2,NA
2015,11,30,4,8,-13,1,NA
2015,12,1,0,0,-15,7,NA
2015,12,2,3,8,-7,6,NA
2015,12,3,5,2,NA,NA,0
2015,12,4,8,1,-1,5,NA
2015,12,5,5,5,-2,4,NA
2015,12,6,5,2,-4,5,NA
2015,12,7,8,9,-2,3,NA
2015,12,8,7,1,-4,5,NA
2015,12,9,NA,-1,8,NA,0
2015,12,10,0,5,-6,4,NA
2015,12,11,-2,3,-6,6,NA
2015,12,12,-5,4,-10,1,NA
2015,12,13,-3,8,-6,3,NA
2015,12,14,-4,2,-13,7,NA
2015,12,15,-5,4,-14,8,NA
2015,12,16,-7,0,-14,7,NA
2015,12,17,-7,2,-14,9,NA
2015,12,18,-12,1,-16,1,NA
2015,12,19,-10,2,-15,1,NA
2015,12,20,-2,4,-18,3,NA
2015,12,21,-1,8,-18,3,NA
2015,12,22,-7,6,-21,4,NA
2015,12,23,-11,4,-20,2,NA
2015,12,24,-11,0,-22,7,NA
2015,12,25,-14,7,-26,4,NA
2015,12,26,-14,5,-23,9,NA
2015,12,27,-14,3,-22,3,NA
2015,12,28,-12,4,-22,4,NA
2015,12,29,-11,6,-22,0,NA
2015,12,30,-7,7,-18,0,NA
2015,12,31,-1,1,-13,2,NA
2016,1,1,0,8,-8,7,NA
2016,1,2,-1,6,-15,4,NA
2016,1,3,-4,8,-16,8,NA
2016,1,4,-6,6,-13,1,NA
2016,1,5,-7,7,-17,5,NA
2016,1,6,-8,9,-17,3,NA
2016,1,7,-8,8,-13,4,NA
2016,1,8,-12,9,-17,4,NA
2016,1,9,-16,9,-23,0,NA
2016,1,10,-1,0,-21,4,NA
2016,1,11,-2,3,-12,2,NA
2016,1,12,NA,-12,1,NA,21
2016,1,13,-4,0,NA,NA,13
2016,1,14,NA,NA,NA,NA,48
2016,1,15,-15,0,NA,NA,0
2016,1,16,-19,8,-27,7,NA
2016,1,17,-18,5,-28,7,NA
2016,1,18,-6,2,-18,4,NA
2016,1,19,-8,6,-20,6,NA
2016,1,20,-8,5,-17,8,NA
2016,1,21,-4,6,-19,9,NA
2016,1,22,-2,8,-11,1,NA
2016,1,23,-1,7,-10,2,NA
2016,1,24,0,6,-10,7,NA
2016,1,25,-2,7,-12,5,NA
2016,1,26,3,8,-10,3,NA
2016,1,27,4,8,-1,5,NA
2016,1,28,6,1,0,1,NA
2016,1,29,4,4,-5,5,NA
2016,1,30,2,2,-9,9,NA
2016,1,31,0,1,-9,9,NA
2016,2,1,-2,9,-7,4,NA
2016,2,2,0,3,-8,1,NA
2016,2,3,-1,5,-12,2,NA
2016,2,4,-4,1,-13,6,NA
2016,2,5,5,5,-8,4,NA
2016,2,6,7,4,-1,9,NA
2016,2,7,2,6,-6,9,NA
2016,2,8,7,8,-4,5,NA
2016,2,9,12,2,0,0,NA
2016,2,10,4,4,-3,7,NA
2016,2,11,0,5,-7,0,NA
2016,2,12,-7,4,-10,9,NA
2016,2,13,6,0,-7,0,NA
2016,2,14,5,5,-3,8,NA
2016,2,15,5,0,-2,3,NA
2016,2,16,6,0,-4,0,NA
2016,2,17,7,3,-5,9,NA
2016,2,18,4,7,-1,4,NA
2016,2,19,0,4,-13,6,NA
2016,2,20,-6,1,-14,2,NA
2016,2,21,3,7,-6,4,NA
2016,2,22,4,6,-7,5,NA
2016,2,23,3,2,-4,8,NA
2016,2,24,2,3,-9,7,NA
2016,2,25,NA,-8,2,NA,26
2016,2,26,12,0,-3,4,NA
2016,2,27,NA,NA,NA,NA,<31
2016,2,28,4,6,-13,2,NA
2016,2,29,-6,3,-16,2,NA
2016,3,1,5,0,-8,7,NA
2016,3,2,1,7,-2,3,NA
2016,3,3,3,9,-3,5,NA
2016,3,4,3,0,-4,6,NA
2016,3,5,12,8,-1,8,NA
2016,3,6,4,8,-3,6,NA
2016,3,7,1,1,-1,1,NA
2016,3,8,1,5,-1,1,NA
2016,3,9,2,9,-3,2,NA
2016,3,10,15,7,-3,2,NA
2016,3,11,12,8,0,3,NA
2016,3,12,14,0,1,6,NA
2016,3,13,10,1,-2,9,NA
2016,3,14,1,1,-3,0,NA
2016,3,15,2,3,-5,7,NA
2016,3,16,2,4,-4,1,NA
2016,3,17,-2,9,-6,7,NA
2016,3,18,2,4,-6,1,NA
2016,3,19,8,9,-6,0,NA
2016,3,20,10,0,-6,7,NA
2016,3,21,0,0,-4,5,NA
2016,3,22,-2,3,-7,7,NA
2016,3,23,6,7,-7,5,NA
2016,3,24,0,6,-5,5,NA
2016,3,25,6,3,-3,4,NA
2016,3,26,8,6,-1,7,NA
2016,3,27,11,9,NA,NA,14
2016,3,28,11,7,-1,2,NA
2016,3,29,12,6,-2,2,NA
2016,3,30,11,8,3,6,NA
2016,3,31,7,1,0,5,NA
2016,4,1,16,0,0,8,NA
2016,4,2,22,2,3,0,NA
2016,4,3,14,1,0,7,NA
2016,4,4,13,4,-2,6,NA
2016,4,5,13,1,-1,0,NA
2016,4,6,13,5,-1,1,NA
2016,4,7,13,6,-2,6,NA
2016,4,8,20,1,-1,2,NA
2016,4,9,15,0,-3,6,NA
2016,4,10,5,2,-9,9,NA
2016,4,11,15,9,-6,9,NA
2016,4,12,20,1,1,7,NA
2016,4,13,17,3,-1,1,NA
2016,4,14,12,5,-3,7,NA
2016,4,15,13,2,-4,2,NA
2016,4,16,18,7,1,0,NA
2016,4,17,22,3,0,0,NA
2016,4,18,22,5,6,5,NA
2016,4,19,27,4,7,3,NA
2016,4,20,17,4,2,0,NA
2016,4,21,17,4,-1,0,NA
2016,4,22,15,6,3,6,NA
2016,4,23,6,1,0,3,NA
2016,4,24,2,0,0,8,NA
2016,4,25,1,0,0,3,NA
2016,4,26,7,4,-1,9,NA
2016,4,27,12,7,-2,1,NA
2016,4,28,14,1,1,0,NA
2016,4,29,15,7,0,2,NA
2016,4,30,15,8,5,4,NA
2016,5,1,22,2,3,7,NA
2016,5,2,27,3,7,3,NA
2016,5,3,NA,NA,NA,NA,33
2016,5,4,29,1,NA,NA,28
2016,5,5,NA,NA,NA,NA,63
2016,5,6,20,9,NA,NA,29
2016,5,7,26,7,8,6,NA
2016,5,8,17,2,6,6,NA
2016,5,9,10,4,4,3,NA
2016,5,10,14,2,0,3,NA
2016,5,11,NA,-3,2,NA,36
2016,5,12,11,3,-2,7,NA
2016,5,13,14,1,-5,5,NA
